robot,uid,site_id,method,repeat,family,frame,previous_q,target_position,target_rotation,q,position_error,orientation_error,failure_kind,total_latency_ns,backup,native_status
panda,4e626ba28da6a8d45d22f023c3732e2d796c83a0e74df2aa41168fe26f6dccab,trajectory_14,pink_qp,1,near_singular,122,"[-2.580960908165891,0.045225535505242616,2.8972999999999995,-0.5738462902928353,-2.8972999999999995,2.0299278701804253,-1.7646994928786397]","[0.20345807338386102,0.045433628449392,1.1610273074352238]","[[0.34441197335250046,0.8332610360490273,-0.43250021781952736],[-0.9093383559548955,0.18154820955192075,-0.3743581199837129],[-0.2334183947350436,0.5222224558662657,0.8202435977124855]]","[-2.578042024040462,0.036008619969428904,2.8972999999999995,-0.5589157909530367,-2.8972999999999995,2.0324139277175353,-1.7685271154541125]",0.0012992839328331773,0.004631253155571994,position_tolerance,825123,,solved
panda,4e626ba28da6a8d45d22f023c3732e2d796c83a0e74df2aa41168fe26f6dccab,trajectory_14,tar_corrected,0,near_singular,115,"[-2.1438080350350557,0.05329899431860638,2.45049230073697,-0.5585506551483025,-2.897299999758884,2.0671755660802966,-1.752459466423062]","[0.20861375575358249,0.026903607247617728,1.1614330491751486]","[[0.34229102437705455,0.8425791812818971,-0.41580906423650105],[-0.9074290555980031,0.18164137962248073,-0.3789180891239665],[-0.24374036121952192,0.507017487350456,0.8267550446374108]]",,,,non_finite_or_wrong_shape,8440345,"{""internal_ok"":false,""internal_status"":""native_no_solution"",""native_return_code"":-3,""iterations"":null,""solver_function_evaluations"":null,""native_conversion_ns"":545,""native_setup_ns"":7422,""native_solve_ns"":5015923,""native_bounds"":[0.0005773502691896257,0.0005773502691896257,0.0005773502691896257,0.00503833156733364,0.00503833156733364,0.00503833156733364],""method"":""trac_task_5ms"",""q"":[-2.1438080350350557,0.05329899431860638,2.45049230073697,-0.5585506551483025,-2.897299999758884,2.0671755660802966,-1.752459466423062],""finite"":true,""accepted"":false,""joint_limit_ok"":true,""velocity_ok"":true,""verification_reasons"":[""position_tolerance""],""position_error"":0.0034535995934168867,""orientation_error"":0.007814299369663286,""total_latency_ns"":5230287,""conversion_ns"":3560,""bounds_setup_ns"":21314,""solve_ns"":5015923,""verification_ns"":161956,""accounting_remainder_ns"":27534,""returned_within_5ms"":false,""returned_within_20ms"":true,""accepted_within_20ms"":false,""lower"":[-2.1874080350350553,0.009698994318606382,2.4068923007369705,-0.6021506551483023,-2.8972999999999995,2.0148755660802973,-1.8047594664230617],""upper"":[-2.100208035035056,0.09689899431860637,2.4940923007369697,-0.5149506551483026,-2.8449999997588846,2.119475566080296,-1.7001594664230621],""seed_q"":[-2.1438080350350557,0.05329899431860638,2.45049230073697,-0.5585506551483025,-2.897299999758884,2.0671755660802966,-1.752459466423062],""budget_ms"":5,""taxonomy"":""internal_failure__task_reject"",""trace_instrumented"":false,""failure_kind"":""internal_nonconvergence+position_tolerance"",""velocity_utilization"":0.0}","[{""outer"":0,""phase"":""joint"",""phase_update"":0,""status"":""Solved"",""iterations"":13,""native_seconds"":0.001256363,""primal_residual"":9.623965767717541e-11,""dual_residual"":2.822519340384394e-11,""build_ns"":204600,""solve_ns"":949296,""affine_tau"":5.068624383567804,""variables"":99,""sparse_nonzeros"":1175,""updates"":232}]"
panda,4e626ba28da6a8d45d22f023c3732e2d796c83a0e74df2aa41168fe26f6dccab,trajectory_14,trac_task_5ms,1,near_singular,115,"[-2.271496215287015,0.05635762476489381,2.5662068857508156,-0.5700076469642632,-2.896034749633398,2.0642965613790434,-1.7430298825193924]","[0.20861375575358249,0.026903607247617728,1.1614330491751486]","[[0.34229102437705455,0.8425791812818971,-0.41580906423650105],[-0.9074290555980031,0.18164137962248073,-0.3789180891239665],[-0.24374036121952192,0.507017487350456,0.8267550446374108]]","[-2.271496215287015,0.05635762476489381,2.5662068857508156,-0.5700076469642632,-2.896034749633398,2.0642965613790434,-1.7430298825193924]",0.0032967721333230274,0.006124485041746941,internal_nonconvergence+position_tolerance,5194101,,
panda,b47f91198895baa3999a406c9c32516cd3e78dd7e42a8bccccc4cd058a03020a,trajectory_26,tar_corrected,1,joint_limit_return,72,"[-1.1639954548486624,0.5353856535970403,0.24494794116457477,-0.9575487106914551,2.8909076134262737,2.7952076472041076,0.5137465510857151]","[0.37719423030748733,-0.6378831642217682,0.6422111927532251]","[[0.5275670504201451,0.6604035474662989,0.534359580998522],[-0.10416908689423132,0.6745619459455053,-0.7308317059472961],[-0.8431024900014291,0.3298989778343376,0.424670290669419]]",,,,non_finite_or_wrong_shape,8038952,"{""internal_ok"":false,""internal_status"":""native_no_solution"",""native_return_code"":-3,""iterations"":null,""solver_function_evaluations"":null,""native_conversion_ns"":535,""native_setup_ns"":8065,""native_solve_ns"":5012048,""native_bounds"":[0.0005773502691896257,0.0005773502691896257,0.0005773502691896257,0.00503833156733364,0.00503833156733364,0.00503833156733364],""method"":""trac_task_5ms"",""q"":[-1.1639954548486624,0.5353856535970403,0.24494794116457477,-0.9575487106914551,2.8909076134262737,2.7952076472041076,0.5137465510857151],""finite"":true,""accepted"":false,""joint_limit_ok"":true,""velocity_ok"":true,""verification_reasons"":[""position_tolerance"",""orientation_tolerance""],""position_error"":0.012542362744525656,""orientation_error"":0.024533186881132853,""total_latency_ns"":5232877,""conversion_ns"":3400,""bounds_setup_ns"":22425,""solve_ns"":5012048,""verification_ns"":166611,""accounting_remainder_ns"":28393,""returned_within_5ms"":false,""returned_within_20ms"":true,""accepted_within_20ms"":false,""lower"":[-1.2075954548486623,0.49178565359704035,0.2013479411645748,-1.001148710691455,2.8386076134262743,2.7429076472041083,0.46144655108571514],""upper"":[-1.1203954548486625,0.5789856535970401,0.2885479411645747,-0.9139487106914552,2.8972999999999995,2.847507647204107,0.566046551085715],""seed_q"":[-1.1639954548486624,0.5353856535970403,0.24494794116457477,-0.9575487106914551,2.8909076134262737,2.7952076472041076,0.5137465510857151],""budget_ms"":5,""taxonomy"":""internal_failure__task_reject"",""trace_instrumented"":false,""failure_kind"":""internal_nonconvergence+position_tolerance+orientation_tolerance"",""velocity_utilization"":0.0}","[{""outer"":0,""phase"":""joint"",""phase_update"":0,""status"":""Solved"",""iterations"":8,""native_seconds"":0.000987388,""primal_residual"":6.61515707537358e-11,""dual_residual"":1.3479898085994557e-10,""build_ns"":200128,""solve_ns"":562534,""affine_tau"":0.3912825303438672,""variables"":99,""sparse_nonzeros"":1175,""updates"":400}]"
panda,ea5503530085a4b7fba1457389f090742de31c9aa6ebe8907aa867289b032370,trajectory_12,tar_corrected,0,near_singular,88,"[1.0553777074897555,-0.06954642181667957,1.250238389752356,-0.27990444430191647,1.2944146799097758,2.887950844810127,1.9241793077097602]","[-0.07726759269901129,0.07668869761084363,1.1698773132063292]","[[-0.6556085626488005,-0.6131555357539996,-0.44070137457897657],[0.675307884141976,-0.7372338854612545,0.021105917260096793],[-0.3378411967141688,-0.28377189272711234,0.8974056154832164]]",,,,non_finite_or_wrong_shape,8647388,"{""internal_ok"":false,""internal_status"":""native_no_solution"",""native_return_code"":-3,""iterations"":null,""solver_function_evaluations"":null,""native_conversion_ns"":574,""native_setup_ns"":8606,""native_solve_ns"":5012444,""native_bounds"":[0.0005773502691896257,0.0005773502691896257,0.0005773502691896257,0.00503833156733364,0.00503833156733364,0.00503833156733364],""method"":""trac_task_5ms"",""q"":[1.0553777074897555,-0.06954642181667957,1.250238389752356,-0.27990444430191647,1.2944146799097758,2.887950844810127,1.9241793077097602],""finite"":true,""accepted"":false,""joint_limit_ok"":true,""velocity_ok"":true,""verification_reasons"":[""position_tolerance"",""orientation_tolerance""],""position_error"":0.0071159456362062746,""orientation_error"":0.015926583070896755,""total_latency_ns"":5220615,""conversion_ns"":3565,""bounds_setup_ns"":22607,""solve_ns"":5012444,""verification_ns"":152322,""accounting_remainder_ns"":29677,""returned_within_5ms"":false,""returned_within_20ms"":true,""accepted_within_20ms"":false,""lower"":[1.0117777074897556,-0.11314642181667955,1.206638389752356,-0.32350444430191644,1.242114679909776,2.835650844810128,1.8718793077097604],""upper"":[1.0989777074897553,-0.025946421816679572,1.2938383897523558,-0.2363044443019165,1.3467146799097756,2.9402508448101266,1.97647930770976],""seed_q"":[1.0553777074897555,-0.06954642181667957,1.250238389752356,-0.27990444430191647,1.2944146799097758,2.887950844810127,1.9241793077097602],""budget_ms"":5,""taxonomy"":""internal_failure__task_reject"",""trace_instrumented"":false,""failure_kind"":""internal_nonconvergence+position_tolerance+orientation_tolerance"",""velocity_utilization"":0.0}","[{""outer"":0,""phase"":""joint"",""phase_update"":0,""status"":""Solved"",""iterations"":14,""native_seconds"":0.001708919,""primal_residual"":1.3008453468319357e-10,""dual_residual"":2.433944220316862e-11,""build_ns"":204014,""solve_ns"":1090781,""affine_tau"":4.567597058146806,""variables"":99,""sparse_nonzeros"":1175,""updates"":688}]"
panda,ca9065ec04392f64d1cce7cea6e6ae7ba224495be6a41fa0902e34ddeb925465,trajectory_17,tar_old,1,near_singular,102,"[2.0360563419994255,-0.06539686027627456,1.7754951483643535,-0.5368952952152504,1.4186730111785946,0.17447711050817122,-0.09478676477992756]","[-0.05604202970298775,-0.22751560872190718,0.9250271404969971]","[[0.5110467357904374,-0.7292783656147628,0.4549552717402005],[-0.8581530407395744,-0.4630815448243769,0.22165026846925157],[0.04903664453611699,-0.5036948960326373,-0.8624887588851864]]",,,,non_finite_or_wrong_shape,7086738,"{""internal_ok"":false,""internal_status"":""native_no_solution"",""native_return_code"":-3,""iterations"":null,""solver_function_evaluations"":null,""native_conversion_ns"":566,""native_setup_ns"":8273,""native_solve_ns"":5012622,""native_bounds"":[0.0005773502691896257,0.0005773502691896257,0.0005773502691896257,0.00503833156733364,0.00503833156733364,0.00503833156733364],""method"":""trac_task_5ms"",""q"":[2.0360563419994255,-0.06539686027627456,1.7754951483643535,-0.5368952952152504,1.4186730111785946,0.17447711050817122,-0.09478676477992756],""finite"":true,""accepted"":false,""joint_limit_ok"":true,""velocity_ok"":true,""verification_reasons"":[""position_tolerance""],""position_error"":0.002068793711908207,""orientation_error"":0.007892408495224263,""total_latency_ns"":5219078,""conversion_ns"":3490,""bounds_setup_ns"":22516,""solve_ns"":5012622,""verification_ns"":154581,""accounting_remainder_ns"":25869,""returned_within_5ms"":false,""returned_within_20ms"":true,""accepted_within_20ms"":false,""lower"":[1.9924563419994257,-0.10899686027627455,1.7318951483643537,-0.5804952952152502,1.3663730111785948,0.12217711050817123,-0.14708676477992752],""upper"":[2.079656341999425,-0.021796860276274563,1.8190951483643534,-0.49329529521525045,1.4709730111785944,0.2267771105081712,-0.04248676477992757],""seed_q"":[2.0360563419994255,-0.06539686027627456,1.7754951483643535,-0.5368952952152504,1.4186730111785946,0.17447711050817122,-0.09478676477992756],""budget_ms"":5,""taxonomy"":""internal_failure__task_reject"",""trace_instrumented"":false,""failure_kind"":""internal_nonconvergence+position_tolerance"",""velocity_utilization"":0.0}","[{""outer"":0,""status"":""MaxTime"",""iterations"":0,""native_seconds"":0.002613041,""primal_residual"":0.5666557598430402,""dual_residual"":0.3787123185519799,""build_ns"":200904,""solve_ns"":59915,""affine_tau"":-0.7793441776112291,""variables"":99,""sparse_nonzeros"":1175,""updates"":3422}]"
panda,4e626ba28da6a8d45d22f023c3732e2d796c83a0e74df2aa41168fe26f6dccab,trajectory_14,trac_task_5ms,0,near_singular,113,"[-2.1887592239281872,0.04364049138942872,2.4510796673340107,-0.5460816312138562,-2.863272681138199,2.076102613663043,-1.7423405843345712]","[0.2101951828709031,0.021021791875536586,1.1614518861885486]","[[0.34178788900162776,0.8454662657569564,-0.4103264948779187],[-0.9067247437488449,0.1818961380037802,-0.3804786906686123],[-0.24704509306076639,0.5020961944152706,0.8287750801926298]]","[-2.1887592239281872,0.04364049138942872,2.4510796673340107,-0.5460816312138562,-2.863272681138199,2.076102613663043,-1.7423405843345712]",0.002913050780156618,0.004231480639826318,internal_nonconvergence+position_tolerance,5253918,,
panda,4e626ba28da6a8d45d22f023c3732e2d796c83a0e74df2aa41168fe26f6dccab,trajectory_14,tar_old,1,near_singular,112,"[-2.0775161805982183,0.060979301408322674,2.3757648011532666,-0.5613201347152601,-2.8941260897377505,2.0740087540516594,-1.744947216985779]","[0.21099924818866234,0.017992557794831096,1.1614408546079218]","[[0.34156137241689644,0.8469392471770006,-0.40746747166361774],[-0.9063431108539755,0.18207095540760465,-0.3813034652406142],[-0.24875287793355155,0.4995438707343101,0.829805957397004]]",,,,non_finite_or_wrong_shape,7127363,"{""internal_ok"":false,""internal_status"":""native_no_solution"",""native_return_code"":-3,""iterations"":null,""solver_function_evaluations"":null,""native_conversion_ns"":581,""native_setup_ns"":8973,""native_solve_ns"":5011692,""native_bounds"":[0.0005773502691896257,0.0005773502691896257,0.0005773502691896257,0.00503833156733364,0.00503833156733364,0.00503833156733364],""method"":""trac_task_5ms"",""q"":[-2.0775161805982183,0.060979301408322674,2.3757648011532666,-0.5613201347152601,-2.8941260897377505,2.0740087540516594,-1.744947216985779],""finite"":true,""accepted"":false,""joint_limit_ok"":true,""velocity_ok"":true,""verification_reasons"":[""position_tolerance""],""position_error"":0.0027110353066351887,""orientation_error"":0.006437599616415411,""total_latency_ns"":5226246,""conversion_ns"":3593,""bounds_setup_ns"":23086,""solve_ns"":5011692,""verification_ns"":158307,""accounting_remainder_ns"":29568,""returned_within_5ms"":false,""returned_within_20ms"":true,""accepted_within_20ms"":false,""lower"":[-2.121116180598218,0.017379301408322678,2.332164801153267,-0.60492013471526,-2.8972999999999995,2.02170875405166,-1.7972472169857787],""upper"":[-2.0339161805982187,0.10457930140832265,2.4193648011532662,-0.5177201347152602,-2.841826089737751,2.1263087540516588,-1.6926472169857791],""seed_q"":[-2.0775161805982183,0.060979301408322674,2.3757648011532666,-0.5613201347152601,-2.8941260897377505,2.0740087540516594,-1.744947216985779],""budget_ms"":5,""taxonomy"":""internal_failure__task_reject"",""trace_instrumented"":false,""failure_kind"":""internal_nonconvergence+position_tolerance"",""velocity_utilization"":0.0}","[{""outer"":0,""status"":""MaxTime"",""iterations"":0,""native_seconds"":0.003404078,""primal_residual"":0.5817687787208806,""dual_residual"":0.3754422607075384,""build_ns"":212217,""solve_ns"":62454,""affine_tau"":-0.7793441776112291,""variables"":99,""sparse_nonzeros"":1175,""updates"":4579}]"
panda,827f4c481262ed599d5a62ea92d72f83f9d2baecaa5e733c4c0018e796d573d5,trajectory_38,pink_qp,1,high_curvature,105,"[-0.29890812302948927,0.6501893171993048,0.15842787091403504,-0.06980000000000001,0.37630819867383475,1.0383314852110515,0.27493358057509076]","[0.5386324067017476,-0.0890863944736938,0.8244160345204308]","[[0.91949543392027,-0.13962573615186571,0.36746809494679145],[-0.27315610011680863,-0.8991820107761838,0.34184419911046454],[0.28269045256030595,-0.4147003319272225,-0.86493337473513]]","[-0.29677849720720634,0.6322722729599511,0.11482787091403505,-0.06980000000000001,0.4139754548757427,1.03909267198161,0.2798914939718913]",0.001411975557762603,0.014032338823747612,position_tolerance+orientation_tolerance,853840,,solved
panda,ca9065ec04392f64d1cce7cea6e6ae7ba224495be6a41fa0902e34ddeb925465,trajectory_17,pink_qp,0,near_singular,122,"[2.8972999999999995,0.2208501889085296,1.71267687290282,-0.6933050514508895,0.8237396789143764,0.3642165226420566,0.10348506575471131]","[-0.06365257251620854,-0.26256401938349483,0.9061759282087597]","[[0.5560616649394297,-0.6796655486174742,0.47838286633960614],[-0.8306996908455809,-0.4357232051395866,0.3465303913539789],[-0.02708225274687437,-0.5900847655425395,-0.8068869320175911]]","[2.8972999999999995,0.24092726647793833,1.7562768729028198,-0.7068710601948309,0.7938662328714136,0.37838831385312666,0.11901884516860067]",0.0010549523841012337,0.008031829089156796,position_tolerance,805037,,solved
panda,ca9065ec04392f64d1cce7cea6e6ae7ba224495be6a41fa0902e34ddeb925465,trajectory_17,tar_old,0,near_singular,118,"[2.879787295810309,0.18917152481309918,1.6653529388567587,-0.6657544831136349,0.855180841034812,0.34322823272553377,0.07201356007837152]","[-0.06191101117000993,-0.2569398691732451,0.9094463974840075]","[[0.5485944334063589,-0.6883113438429131,0.4746278980135061],[-0.8359417731707867,-0.44091363393388183,0.32679736730778625],[-0.01566842377641365,-0.5760405032186382,-0.8172709704547085]]",,,,non_finite_or_wrong_shape,7076956,"{""internal_ok"":false,""internal_status"":""native_no_solution"",""native_return_code"":-3,""iterations"":null,""solver_function_evaluations"":null,""native_conversion_ns"":501,""native_setup_ns"":8903,""native_solve_ns"":5015408,""native_bounds"":[0.0005773502691896257,0.0005773502691896257,0.0005773502691896257,0.00503833156733364,0.00503833156733364,0.00503833156733364],""method"":""trac_task_5ms"",""q"":[2.879787295810309,0.18917152481309918,1.6653529388567587,-0.6657544831136349,0.855180841034812,0.34322823272553377,0.07201356007837152],""finite"":true,""accepted"":false,""joint_limit_ok"":true,""velocity_ok"":true,""verification_reasons"":[""position_tolerance"",""orientation_tolerance""],""position_error"":0.001705869758053484,""orientation_error"":0.009322377643516754,""total_latency_ns"":5230906,""conversion_ns"":3465,""bounds_setup_ns"":26079,""solve_ns"":5015408,""verification_ns"":157819,""accounting_remainder_ns"":28135,""returned_within_5ms"":false,""returned_within_20ms"":true,""accepted_within_20ms"":false,""lower"":[2.8361872958103094,0.1455715248130992,1.6217529388567589,-0.7093544831136348,0.802880841034812,0.2909282327255338,0.019713560078371526],""upper"":[2.8972999999999995,0.23277152481309915,1.7089529388567586,-0.6221544831136351,0.9074808410348119,0.3955282327255337,0.12431356007837151],""seed_q"":[2.879787295810309,0.18917152481309918,1.6653529388567587,-0.6657544831136349,0.855180841034812,0.34322823272553377,0.07201356007837152],""budget_ms"":5,""taxonomy"":""internal_failure__task_reject"",""trace_instrumented"":false,""failure_kind"":""internal_nonconvergence+position_tolerance+orientation_tolerance"",""velocity_utilization"":0.0}","[{""outer"":0,""status"":""MaxTime"",""iterations"":0,""native_seconds"":0.004955869,""primal_residual"":0.6083037908413786,""dual_residual"":0.3803616161305212,""build_ns"":201368,""solve_ns"":61636,""affine_tau"":-0.7793441776112291,""variables"":99,""sparse_nonzeros"":1175,""updates"":6864}]"
panda,ea5503530085a4b7fba1457389f090742de31c9aa6ebe8907aa867289b032370,trajectory_12,trac_task_5ms,2,near_singular,91,"[0.8252382995242301,-0.1420649185596657,1.1124818505672744,-0.2678698729247994,1.6781658887990165,2.8371384329947165,1.893647382033361]","[-0.0876088670778926,0.05987856614116665,1.1700859576871954]","[[-0.645105860289506,-0.613757973873873,-0.45512589305199364],[0.6905720154310897,-0.7232552186426011,-0.003490015714314948],[-0.3270301523156229,-0.31654863482959683,0.8904202610362925]]","[0.8252382995242301,-0.1420649185596657,1.1124818505672744,-0.2678698729247994,1.6781658887990165,2.8371384329947165,1.893647382033361]",0.006829258820692796,0.014615331011830098,internal_nonconvergence+position_tolerance+orientation_tolerance,5190735,,
panda,4e626ba28da6a8d45d22f023c3732e2d796c83a0e74df2aa41168fe26f6dccab,trajectory_14,tar_corrected,2,near_singular,115,"[-2.1464200594401097,0.05192091716472915,2.4531465013256795,-0.557799560119491,-2.8971553273849664,2.0625182591573044,-1.7528474127590326]","[0.20861375575358249,0.026903607247617728,1.1614330491751486]","[[0.34229102437705455,0.8425791812818971,-0.41580906423650105],[-0.9074290555980031,0.18164137962248073,-0.3789180891239665],[-0.24374036121952192,0.507017487350456,0.8267550446374108]]",,,,non_finite_or_wrong_shape,8304152,"{""internal_ok"":false,""internal_status"":""native_no_solution"",""native_return_code"":-3,""iterations"":null,""solver_function_evaluations"":null,""native_conversion_ns"":506,""native_setup_ns"":8124,""native_solve_ns"":5011631,""native_bounds"":[0.0005773502691896257,0.0005773502691896257,0.0005773502691896257,0.00503833156733364,0.00503833156733364,0.00503833156733364],""method"":""trac_task_5ms"",""q"":[-2.1464200594401097,0.05192091716472915,2.4531465013256795,-0.557799560119491,-2.8971553273849664,2.0625182591573044,-1.7528474127590326],""finite"":true,""accepted"":false,""joint_limit_ok"":true,""velocity_ok"":true,""verification_reasons"":[""position_tolerance""],""position_error"":0.002811700226851485,""orientation_error"":0.005783929441203523,""total_latency_ns"":5213610,""conversion_ns"":3408,""bounds_setup_ns"":22292,""solve_ns"":5011631,""verification_ns"":150043,""accounting_remainder_ns"":26236,""returned_within_5ms"":false,""returned_within_20ms"":true,""accepted_within_20ms"":false,""lower"":[-2.1900200594401094,0.008320917164729153,2.40954650132568,-0.6013995601194908,-2.8972999999999995,2.010218259157305,-1.8051474127590323],""upper"":[-2.10282005944011,0.09552091716472914,2.496746501325679,-0.5141995601194911,-2.844855327384967,2.1148182591573037,-1.7005474127590328],""seed_q"":[-2.1464200594401097,0.05192091716472915,2.4531465013256795,-0.557799560119491,-2.8971553273849664,2.0625182591573044,-1.7528474127590326],""budget_ms"":5,""taxonomy"":""internal_failure__task_reject"",""trace_instrumented"":false,""failure_kind"":""internal_nonconvergence+position_tolerance"",""velocity_utilization"":0.0}","[{""outer"":0,""phase"":""joint"",""phase_update"":0,""status"":""Solved"",""iterations"":12,""native_seconds"":0.001952162,""primal_residual"":3.3020565148809296e-10,""dual_residual"":9.850599373108841e-11,""build_ns"":204283,""solve_ns"":871358,""affine_tau"":4.832274158949858,""variables"":99,""sparse_nonzeros"":1175,""updates"":1334}]"
panda,4e626ba28da6a8d45d22f023c3732e2d796c83a0e74df2aa41168fe26f6dccab,trajectory_14,tar_old,2,near_singular,114,"[-2.1032211633861078,0.05379702681963915,2.4077211487626595,-0.5566181597916038,-2.89552012244424,2.066140061490353,-1.751859718982367]","[0.2093997000375418,0.023992813196638395,1.161449008205382]","[[0.34203163240143825,0.8440123545533905,-0.41310713840122565],[-0.9070865282734593,0.18175357540054604,-0.3796836420678684],[-0.24537398529919738,0.5045877358699475,0.8277577086007893]]",,,,non_finite_or_wrong_shape,7220388,"{""internal_ok"":false,""internal_status"":""native_no_solution"",""native_return_code"":-3,""iterations"":null,""solver_function_evaluations"":null,""native_conversion_ns"":643,""native_setup_ns"":9229,""native_solve_ns"":5015458,""native_bounds"":[0.0005773502691896257,0.0005773502691896257,0.0005773502691896257,0.00503833156733364,0.00503833156733364,0.00503833156733364],""method"":""trac_task_5ms"",""q"":[-2.1032211633861078,0.05379702681963915,2.4077211487626595,-0.5566181597916038,-2.89552012244424,2.066140061490353,-1.751859718982367],""finite"":true,""accepted"":false,""joint_limit_ok"":true,""velocity_ok"":true,""verification_reasons"":[""position_tolerance""],""position_error"":0.0027249098050427644,""orientation_error"":0.006546195363091195,""total_latency_ns"":5264000,""conversion_ns"":3689,""bounds_setup_ns"":23627,""solve_ns"":5015458,""verification_ns"":187298,""accounting_remainder_ns"":33928,""returned_within_5ms"":false,""returned_within_20ms"":true,""accepted_within_20ms"":false,""lower"":[-2.1468211633861074,0.010197026819639155,2.36412114876266,-0.6002181597916036,-2.8972999999999995,2.0138400614903538,-1.8041597189823668],""upper"":[-2.059621163386108,0.09739702681963915,2.451321148762659,-0.5130181597916039,-2.8432201224442406,2.1184400614903525,-1.6995597189823672],""seed_q"":[-2.1032211633861078,0.05379702681963915,2.4077211487626595,-0.5566181597916038,-2.89552012244424,2.066140061490353,-1.751859718982367],""budget_ms"":5,""taxonomy"":""internal_failure__task_reject"",""trace_instrumented"":false,""failure_kind"":""internal_nonconvergence+position_tolerance"",""velocity_utilization"":0.0}","[{""outer"":0,""status"":""MaxTime"",""iterations"":0,""native_seconds"":0.006344236,""primal_residual"":0.5888012506476179,""dual_residual"":0.37559820416567163,""build_ns"":211571,""solve_ns"":67251,""affine_tau"":-0.7793441776112291,""variables"":99,""sparse_nonzeros"":1175,""updates"":8886}]"
panda,b47f91198895baa3999a406c9c32516cd3e78dd7e42a8bccccc4cd058a03020a,trajectory_26,tar_old,0,joint_limit_return,74,"[-1.2261310344602496,0.5442240353246025,0.288512175960532,-0.9692952195385323,2.8971949574973697,2.777124953123424,0.4737070815872624]","[0.3569148782906584,-0.6533742062748258,0.6344994544290563]","[[0.5203477485650665,0.6856813383513327,0.5089983524531209],[-0.12868594654447588,0.6522038563142368,-0.7470408670017928],[-0.8442026698164478,0.32322009845546956,0.4276103602921915]]",,,,non_finite_or_wrong_shape,7090173,"{""internal_ok"":false,""internal_status"":""native_no_solution"",""native_return_code"":-3,""iterations"":null,""solver_function_evaluations"":null,""native_conversion_ns"":491,""native_setup_ns"":7966,""native_solve_ns"":5012857,""native_bounds"":[0.0005773502691896257,0.0005773502691896257,0.0005773502691896257,0.00503833156733364,0.00503833156733364,0.00503833156733364],""method"":""trac_task_5ms"",""q"":[-1.2261310344602496,0.5442240353246025,0.288512175960532,-0.9692952195385323,2.8971949574973697,2.777124953123424,0.4737070815872624],""finite"":true,""accepted"":false,""joint_limit_ok"":true,""velocity_ok"":true,""verification_reasons"":[""position_tolerance"",""orientation_tolerance""],""position_error"":0.013738249735535257,""orientation_error"":0.023226440485137057,""total_latency_ns"":5215802,""conversion_ns"":3530,""bounds_setup_ns"":21594,""solve_ns"":5012857,""verification_ns"":150829,""accounting_remainder_ns"":26992,""returned_within_5ms"":false,""returned_within_20ms"":true,""accepted_within_20ms"":false,""lower"":[-1.2697310344602495,0.5006240353246026,0.24491217596053205,-1.0128952195385321,2.8448949574973703,2.7248249531234245,0.4214070815872624],""upper"":[-1.1825310344602498,0.5878240353246024,0.33211217596053194,-0.9256952195385324,2.8972999999999995,2.8294249531234232,0.5260070815872623],""seed_q"":[-1.2261310344602496,0.5442240353246025,0.288512175960532,-0.9692952195385323,2.8971949574973697,2.777124953123424,0.4737070815872624],""budget_ms"":5,""taxonomy"":""internal_failure__task_reject"",""trace_instrumented"":false,""failure_kind"":""internal_nonconvergence+position_tolerance+orientation_tolerance"",""velocity_utilization"":0.0}","[{""outer"":0,""status"":""MaxTime"",""iterations"":0,""native_seconds"":0.0078623,""primal_residual"":0.48283250400628075,""dual_residual"":0.3665314391350099,""build_ns"":199744,""solve_ns"":60143,""affine_tau"":-0.7793441776112291,""variables"":99,""sparse_nonzeros"":1175,""updates"":11095}]"
panda,ea5503530085a4b7fba1457389f090742de31c9aa6ebe8907aa867289b032370,trajectory_12,tar_old,0,near_singular,93,"[0.9002340164667796,-0.12156780908687327,1.282197791116698,-0.25781482743112405,1.428171602192042,2.861493537455517,1.8927366688662335]","[-0.09440275994367925,0.04900663477280743,1.1699343623012006]","[[-0.6383613534216706,-0.6137933405483921,-0.4644916765197182],[0.7002405716577843,-0.7136453834461497,-0.019323780436990894],[-0.31962153285101497,-0.33759147172943077,0.8853666325051583]]",,,,non_finite_or_wrong_shape,7090871,"{""internal_ok"":false,""internal_status"":""native_no_solution"",""native_return_code"":-3,""iterations"":null,""solver_function_evaluations"":null,""native_conversion_ns"":515,""native_setup_ns"":8438,""native_solve_ns"":5016159,""native_bounds"":[0.0005773502691896257,0.0005773502691896257,0.0005773502691896257,0.00503833156733364,0.00503833156733364,0.00503833156733364],""method"":""trac_task_5ms"",""q"":[0.9002340164667796,-0.12156780908687327,1.282197791116698,-0.25781482743112405,1.428171602192042,2.861493537455517,1.8927366688662335],""finite"":true,""accepted"":false,""joint_limit_ok"":true,""velocity_ok"":true,""verification_reasons"":[""position_tolerance"",""orientation_tolerance""],""position_error"":0.006536776073814262,""orientation_error"":0.014969668484949216,""total_latency_ns"":5226589,""conversion_ns"":3338,""bounds_setup_ns"":22152,""solve_ns"":5016159,""verification_ns"":156960,""accounting_remainder_ns"":27980,""returned_within_5ms"":false,""returned_within_20ms"":true,""accepted_within_20ms"":false,""lower"":[0.8566340164667797,-0.16516780908687326,1.238597791116698,-0.30141482743112397,1.3758716021920423,2.8091935374555175,1.8404366688662337],""upper"":[0.9438340164667794,-0.07796780908687329,1.3257977911166978,-0.21421482743112408,1.4804716021920419,2.913793537455516,1.9450366688662333],""seed_q"":[0.9002340164667796,-0.12156780908687327,1.282197791116698,-0.25781482743112405,1.428171602192042,2.861493537455517,1.8927366688662335],""budget_ms"":5,""taxonomy"":""internal_failure__task_reject"",""trace_instrumented"":false,""failure_kind"":""internal_nonconvergence+position_tolerance+orientation_tolerance"",""velocity_utilization"":0.0}","[{""outer"":0,""status"":""MaxTime"",""iterations"":0,""native_seconds"":0.008029257,""primal_residual"":0.5350791602009765,""dual_residual"":0.3702907765999317,""build_ns"":206682,""solve_ns"":60908,""affine_tau"":-0.7793441776112291,""variables"":99,""sparse_nonzeros"":1175,""updates"":11340}]"
panda,4e626ba28da6a8d45d22f023c3732e2d796c83a0e74df2aa41168fe26f6dccab,trajectory_14,tar_old,0,near_singular,113,"[-2.0734465811286964,0.05547266423517292,2.3712063892264084,-0.5547579187256935,-2.894993967742049,2.0732929039211716,-1.7487857606114943]","[0.2101951828709031,0.021021791875536586,1.1614518861885486]","[[0.34178788900162776,0.8454662657569564,-0.4103264948779187],[-0.9067247437488449,0.1818961380037802,-0.3804786906686123],[-0.24704509306076639,0.5020961944152706,0.8287750801926298]]",,,,non_finite_or_wrong_shape,7058806,"{""internal_ok"":false,""internal_status"":""native_no_solution"",""native_return_code"":-3,""iterations"":null,""solver_function_evaluations"":null,""native_conversion_ns"":475,""native_setup_ns"":8185,""native_solve_ns"":5015013,""native_bounds"":[0.0005773502691896257,0.0005773502691896257,0.0005773502691896257,0.00503833156733364,0.00503833156733364,0.00503833156733364],""method"":""trac_task_5ms"",""q"":[-2.0734465811286964,0.05547266423517292,2.3712063892264084,-0.5547579187256935,-2.894993967742049,2.0732929039211716,-1.7487857606114943],""finite"":true,""accepted"":false,""joint_limit_ok"":true,""velocity_ok"":true,""verification_reasons"":[""position_tolerance""],""position_error"":0.0029867119212263014,""orientation_error"":0.003667824369886587,""total_latency_ns"":5213095,""conversion_ns"":3388,""bounds_setup_ns"":23025,""solve_ns"":5015013,""verification_ns"":146361,""accounting_remainder_ns"":25308,""returned_within_5ms"":false,""returned_within_20ms"":true,""accepted_within_20ms"":false,""lower"":[-2.117046581128696,0.011872664235172923,2.3276063892264087,-0.5983579187256933,-2.8972999999999995,2.0209929039211723,-1.801085760611494],""upper"":[-2.0298465811286968,0.0990726642351729,2.414806389226408,-0.5111579187256936,-2.8426939677420497,2.125592903921171,-1.6964857606114945],""seed_q"":[-2.0734465811286964,0.05547266423517292,2.3712063892264084,-0.5547579187256935,-2.894993967742049,2.0732929039211716,-1.7487857606114943],""budget_ms"":5,""taxonomy"":""internal_failure__task_reject"",""trace_instrumented"":false,""failure_kind"":""internal_nonconvergence+position_tolerance"",""velocity_utilization"":0.0}","[{""outer"":0,""status"":""MaxTime"",""iterations"":0,""native_seconds"":0.008222963,""primal_residual"":0.5849115030230275,""dual_residual"":0.37533873996897776,""build_ns"":200850,""solve_ns"":62090,""affine_tau"":-0.7793441776112291,""variables"":99,""sparse_nonzeros"":1175,""updates"":11622}]"
panda,b47f91198895baa3999a406c9c32516cd3e78dd7e42a8bccccc4cd058a03020a,trajectory_26,trac_task_5ms,2,joint_limit_return,70,"[-1.1330919920705091,0.5310336635570948,0.24977297004247864,-0.943621707922951,2.8968189120709105,2.8170533659702897,0.5107366076041324]","[0.396400236698004,-0.6222003221191696,0.6495423728735656]","[[0.5334090415878396,0.6347454779592699,0.5590822592093228],[-0.07922695805984556,0.6955513886843764,-0.714094779994798],[-0.8421388742178605,0.3366102254975236,0.42130235297417984]]","[-1.1330919920705091,0.5310336635570948,0.24977297004247864,-0.943621707922951,2.8968189120709105,2.8170533659702897,0.5107366076041324]",0.012275761134931142,0.018429229985369226,internal_nonconvergence+position_tolerance+orientation_tolerance,5283724,,
panda,b47f91198895baa3999a406c9c32516cd3e78dd7e42a8bccccc4cd058a03020a,trajectory_26,tar_old,1,joint_limit_return,74,"[-1.1838492302361756,0.5397868140075538,0.22115934784646188,-0.9695389748260373,2.8966820709222856,2.7723651528072932,0.5136525117711404]","[0.3569148782906584,-0.6533742062748258,0.6344994544290563]","[[0.5203477485650665,0.6856813383513327,0.5089983524531209],[-0.12868594654447588,0.6522038563142368,-0.7470408670017928],[-0.8442026698164478,0.32322009845546956,0.4276103602921915]]",,,,non_finite_or_wrong_shape,7163516,"{""internal_ok"":false,""internal_status"":""native_no_solution"",""native_return_code"":-3,""iterations"":null,""solver_function_evaluations"":null,""native_conversion_ns"":533,""native_setup_ns"":8443,""native_solve_ns"":5010059,""native_bounds"":[0.0005773502691896257,0.0005773502691896257,0.0005773502691896257,0.00503833156733364,0.00503833156733364,0.00503833156733364],""method"":""trac_task_5ms"",""q"":[-1.1838492302361756,0.5397868140075538,0.22115934784646188,-0.9695389748260373,2.8966820709222856,2.7723651528072932,0.5136525117711404],""finite"":true,""accepted"":false,""joint_limit_ok"":true,""velocity_ok"":true,""verification_reasons"":[""position_tolerance"",""orientation_tolerance""],""position_error"":0.013010140778845542,""orientation_error"":0.025294684237156095,""total_latency_ns"":5261996,""conversion_ns"":3516,""bounds_setup_ns"":22172,""solve_ns"":5010059,""verification_ns"":195164,""accounting_remainder_ns"":31085,""returned_within_5ms"":false,""returned_within_20ms"":true,""accepted_within_20ms"":false,""lower"":[-1.2274492302361755,0.4961868140075539,0.1775593478464619,-1.013138974826037,2.8443820709222862,2.720065152807294,0.4613525117711404],""upper"":[-1.1402492302361757,0.5833868140075537,0.2647593478464618,-0.9259389748260375,2.8972999999999995,2.8246651528072926,0.5659525117711403],""seed_q"":[-1.1838492302361756,0.5397868140075538,0.22115934784646188,-0.9695389748260373,2.8966820709222856,2.7723651528072932,0.5136525117711404],""budget_ms"":5,""taxonomy"":""internal_failure__task_reject"",""trace_instrumented"":false,""failure_kind"":""internal_nonconvergence+position_tolerance+orientation_tolerance"",""velocity_utilization"":0.0}","[{""outer"":0,""status"":""MaxTime"",""iterations"":0,""native_seconds"":0.009258386,""primal_residual"":0.492117802973418,""dual_residual"":0.36715660136834743,""build_ns"":201041,""solve_ns"":74736,""affine_tau"":-0.7793441776112291,""variables"":99,""sparse_nonzeros"":1175,""updates"":13094}]"
panda,4e626ba28da6a8d45d22f023c3732e2d796c83a0e74df2aa41168fe26f6dccab,trajectory_14,trac_task_5ms,2,near_singular,114,"[-2.1747536852143607,0.05313090924129041,2.466043717224148,-0.5606718005343905,-2.8953986925843496,2.0637731138702904,-1.7458615582259494]","[0.2093997000375418,0.023992813196638395,1.161449008205382]","[[0.34203163240143825,0.8440123545533905,-0.41310713840122565],[-0.9070865282734593,0.18175357540054604,-0.3796836420678684],[-0.24537398529919738,0.5045877358699475,0.8277577086007893]]","[-2.1747536852143607,0.05313090924129041,2.466043717224148,-0.5606718005343905,-2.8953986925843496,2.0637731138702904,-1.7458615582259494]",0.003170596317107367,0.00428583402432994,internal_nonconvergence+position_tolerance,5210693,,
panda,b47f91198895baa3999a406c9c32516cd3e78dd7e42a8bccccc4cd058a03020a,trajectory_26,tar_corrected,0,joint_limit_return,74,"[-1.1909164436833084,0.5334100673622649,0.22902374410415452,-0.9805393322905994,2.897117193497598,2.7688920847791674,0.5106459391962016]","[0.3569148782906584,-0.6533742062748258,0.6344994544290563]","[[0.5203477485650665,0.6856813383513327,0.5089983524531209],[-0.12868594654447588,0.6522038563142368,-0.7470408670017928],[-0.8442026698164478,0.32322009845546956,0.4276103602921915]]",,,,non_finite_or_wrong_shape,8110618,"{""internal_ok"":false,""internal_status"":""native_no_solution"",""native_return_code"":-3,""iterations"":null,""solver_function_evaluations"":null,""native_conversion_ns"":549,""native_setup_ns"":7993,""native_solve_ns"":5014404,""native_bounds"":[0.0005773502691896257,0.0005773502691896257,0.0005773502691896257,0.00503833156733364,0.00503833156733364,0.00503833156733364],""method"":""trac_task_5ms"",""q"":[-1.1909164436833084,0.5334100673622649,0.22902374410415452,-0.9805393322905994,2.897117193497598,2.7688920847791674,0.5106459391962016],""finite"":true,""accepted"":false,""joint_limit_ok"":true,""velocity_ok"":true,""verification_reasons"":[""position_tolerance"",""orientation_tolerance""],""position_error"":0.012759571958146153,""orientation_error"":0.025541904237241998,""total_latency_ns"":5215231,""conversion_ns"":3658,""bounds_setup_ns"":21518,""solve_ns"":5014404,""verification_ns"":147999,""accounting_remainder_ns"":27652,""returned_within_5ms"":false,""returned_within_20ms"":true,""accepted_within_20ms"":false,""lower"":[-1.2345164436833083,0.489810067362265,0.18542374410415455,-1.0241393322905992,2.8448171934975988,2.716592084779168,0.45834593919620165],""upper"":[-1.1473164436833085,0.5770100673622648,0.27262374410415446,-0.9369393322905996,2.8972999999999995,2.8211920847791667,0.5629459391962015],""seed_q"":[-1.1909164436833084,0.5334100673622649,0.22902374410415452,-0.9805393322905994,2.897117193497598,2.7688920847791674,0.5106459391962016],""budget_ms"":5,""taxonomy"":""internal_failure__task_reject"",""trace_instrumented"":false,""failure_kind"":""internal_nonconvergence+position_tolerance+orientation_tolerance"",""velocity_utilization"":0.0}","[{""outer"":0,""phase"":""joint"",""phase_update"":0,""status"":""Solved"",""iterations"":10,""native_seconds"":0.002051692,""primal_residual"":2.826090158701835e-12,""dual_residual"":5.475065593348112e-12,""build_ns"":202498,""solve_ns"":696894,""affine_tau"":0.5636265091749288,""variables"":99,""sparse_nonzeros"":1175,""updates"":1724}]"
panda,ca9065ec04392f64d1cce7cea6e6ae7ba224495be6a41fa0902e34ddeb925465,trajectory_17,trac_task_5ms,1,near_singular,118,"[2.8910998001666632,0.19204650057859823,1.660299208959349,-0.6618224723005,0.8554979313070099,0.3431317776754041,0.08289400339231225]","[-0.06191101117000993,-0.2569398691732451,0.9094463974840075]","[[0.5485944334063589,-0.6883113438429131,0.4746278980135061],[-0.8359417731707867,-0.44091363393388183,0.32679736730778625],[-0.01566842377641365,-0.5760405032186382,-0.8172709704547085]]","[2.8910998001666632,0.19204650057859823,1.660299208959349,-0.6618224723005,0.8554979313070099,0.3431317776754041,0.08289400339231225]",0.0022408250079171133,0.010357000473759644,internal_nonconvergence+position_tolerance+orientation_tolerance,5277065,,
panda,b47f91198895baa3999a406c9c32516cd3e78dd7e42a8bccccc4cd058a03020a,trajectory_26,trac_task_5ms,1,joint_limit_return,74,"[-1.1718982312448858,0.5371019303630358,0.20162398163655182,-0.971237969079529,2.897297713181713,2.77097304702346,0.5203285716976803]","[0.3569148782906584,-0.6533742062748258,0.6344994544290563]","[[0.5203477485650665,0.6856813383513327,0.5089983524531209],[-0.12868594654447588,0.6522038563142368,-0.7470408670017928],[-0.8442026698164478,0.32322009845546956,0.4276103602921915]]","[-1.1718982312448858,0.5371019303630358,0.20162398163655182,-0.971237969079529,2.897297713181713,2.77097304702346,0.5203285716976803]",0.012886322848360653,0.023605318979045394,internal_nonconvergence+position_tolerance+orientation_tolerance,5229733,,
panda,ca9065ec04392f64d1cce7cea6e6ae7ba224495be6a41fa0902e34ddeb925465,trajectory_17,pink_qp,1,near_singular,122,"[2.8972999999999995,0.2208501889085296,1.71267687290282,-0.6933050514508895,0.8237396789143764,0.3642165226420566,0.10348506575471131]","[-0.06365257251620854,-0.26256401938349483,0.9061759282087597]","[[0.5560616649394297,-0.6796655486174742,0.47838286633960614],[-0.8306996908455809,-0.4357232051395866,0.3465303913539789],[-0.02708225274687437,-0.5900847655425395,-0.8068869320175911]]","[2.8972999999999995,0.24092726647793833,1.7562768729028198,-0.7068710601948309,0.7938662328714136,0.37838831385312666,0.11901884516860067]",0.0010549523841012337,0.008031829089156796,position_tolerance,779255,,solved
panda,4e626ba28da6a8d45d22f023c3732e2d796c83a0e74df2aa41168fe26f6dccab,trajectory_14,pink_qp,0,near_singular,122,"[-2.580960908165891,0.045225535505242616,2.8972999999999995,-0.5738462902928353,-2.8972999999999995,2.0299278701804253,-1.7646994928786397]","[0.20345807338386102,0.045433628449392,1.1610273074352238]","[[0.34441197335250046,0.8332610360490273,-0.43250021781952736],[-0.9093383559548955,0.18154820955192075,-0.3743581199837129],[-0.2334183947350436,0.5222224558662657,0.8202435977124855]]","[-2.578042024040462,0.036008619969428904,2.8972999999999995,-0.5589157909530367,-2.8972999999999995,2.0324139277175353,-1.7685271154541125]",0.0012992839328331773,0.004631253155571994,position_tolerance,813922,,solved
panda,ca9065ec04392f64d1cce7cea6e6ae7ba224495be6a41fa0902e34ddeb925465,trajectory_17,tar_corrected,1,near_singular,100,"[2.413476486231183,0.05916822323123026,1.7600206567813135,-0.5719208924063819,1.074485701094968,0.2750546932206823,-0.06392359644110192]","[-0.05560961304635677,-0.22313745655277453,0.927145560103503]","[[0.505640181913006,-0.7348472365107153,0.4520260450765501],[-0.8607056771603997,-0.4656624625515559,0.20577708393861233],[0.059276839818264156,-0.4931105453779971,-0.8679448405850305]]",,,,non_finite_or_wrong_shape,7966930,"{""internal_ok"":false,""internal_status"":""native_no_solution"",""native_return_code"":-3,""iterations"":null,""solver_function_evaluations"":null,""native_conversion_ns"":581,""native_setup_ns"":8937,""native_solve_ns"":5010887,""native_bounds"":[0.0005773502691896257,0.0005773502691896257,0.0005773502691896257,0.00503833156733364,0.00503833156733364,0.00503833156733364],""method"":""trac_task_5ms"",""q"":[2.413476486231183,0.05916822323123026,1.7600206567813135,-0.5719208924063819,1.074485701094968,0.2750546932206823,-0.06392359644110192],""finite"":true,""accepted"":false,""joint_limit_ok"":true,""velocity_ok"":true,""verification_reasons"":[""position_tolerance"",""orientation_tolerance""],""position_error"":0.0032462132834936244,""orientation_error"":0.009568920267738328,""total_latency_ns"":5225387,""conversion_ns"":3446,""bounds_setup_ns"":24731,""solve_ns"":5010887,""verification_ns"":158532,""accounting_remainder_ns"":27791,""returned_within_5ms"":false,""returned_within_20ms"":true,""accepted_within_20ms"":false,""lower"":[2.3698764862311834,0.015568223231230265,1.7164206567813136,-0.6155208924063817,1.0221857010949682,0.22275469322068234,-0.1162235964411019],""upper"":[2.4570764862311827,0.10276822323123025,1.8036206567813133,-0.528320892406382,1.1267857010949678,0.3273546932206823,-0.01162359644110192],""seed_q"":[2.413476486231183,0.05916822323123026,1.7600206567813135,-0.5719208924063819,1.074485701094968,0.2750546932206823,-0.06392359644110192],""budget_ms"":5,""taxonomy"":""internal_failure__task_reject"",""trace_instrumented"":false,""failure_kind"":""internal_nonconvergence+position_tolerance+orientation_tolerance"",""velocity_utilization"":0.0}","[{""outer"":0,""phase"":""joint"",""phase_update"":0,""status"":""MaxTime"",""iterations"":6,""native_seconds"":0.00210551,""primal_residual"":0.036771248904696595,""dual_residual"":0.00957118243863476,""build_ns"":205967,""solve_ns"":478970,""affine_tau"":2.651847380397078,""variables"":99,""sparse_nonzeros"":1175,""updates"":2113}]"
panda,ca9065ec04392f64d1cce7cea6e6ae7ba224495be6a41fa0902e34ddeb925465,trajectory_17,trac_task_5ms,0,near_singular,119,"[2.8902416475320796,0.20676677219140663,1.6936063808418194,-0.6764336879506156,0.8370174776868875,0.35627989034990604,0.09334859080285064]","[-0.06234755816855856,-0.2584147739463928,0.9085985723227469]","[[0.5505424179895927,-0.6860724429890204,0.47561291925814],[-0.8345978352700153,-0.4395820439607435,0.3319850598895969],[-0.01869490189268268,-0.5797173704473346,-0.8146031371440027]]","[2.8902416475320796,0.20676677219140663,1.6936063808418194,-0.6764336879506156,0.8370174776868875,0.35627989034990604,0.09334859080285064]",0.001281730507498077,0.008480312338222372,internal_nonconvergence+position_tolerance,5245222,,
panda,827f4c481262ed599d5a62ea92d72f83f9d2baecaa5e733c4c0018e796d573d5,trajectory_38,pink_qp,2,high_curvature,105,"[-0.29890812302948927,0.6501893171993048,0.15842787091403504,-0.06980000000000001,0.37630819867383475,1.0383314852110515,0.27493358057509076]","[0.5386324067017476,-0.0890863944736938,0.8244160345204308]","[[0.91949543392027,-0.13962573615186571,0.36746809494679145],[-0.27315610011680863,-0.8991820107761838,0.34184419911046454],[0.28269045256030595,-0.4147003319272225,-0.86493337473513]]","[-0.29677849720720634,0.6322722729599511,0.11482787091403505,-0.06980000000000001,0.4139754548757427,1.03909267198161,0.2798914939718913]",0.001411975557762603,0.014032338823747612,position_tolerance+orientation_tolerance,856771,,solved
panda,b47f91198895baa3999a406c9c32516cd3e78dd7e42a8bccccc4cd058a03020a,trajectory_26,trac_task_5ms,0,joint_limit_return,71,"[-1.1300882519230162,0.5309488447798025,0.21985656827274586,-0.9503900382660043,2.8963453481553016,2.8061500519224727,0.5221810200543192]","[0.38693943824308696,-0.6300532542719856,0.6459277823269656]","[[0.5306617129559349,0.6476029799554461,0.5468167213568902],[-0.09173420140043374,0.685240687155057,-0.7225164613769637],[-0.8426048793450567,0.33325002778708235,0.42303833902355853]]","[-1.1300882519230162,0.5309488447798025,0.21985656827274586,-0.9503900382660043,2.8963453481553016,2.8061500519224727,0.5221810200543192]",0.013097638040058713,0.020711201071414026,internal_nonconvergence+position_tolerance+orientation_tolerance,5217917,,
panda,4e626ba28da6a8d45d22f023c3732e2d796c83a0e74df2aa41168fe26f6dccab,trajectory_14,pink_qp,2,near_singular,122,"[-2.580960908165891,0.045225535505242616,2.8972999999999995,-0.5738462902928353,-2.8972999999999995,2.0299278701804253,-1.7646994928786397]","[0.20345807338386102,0.045433628449392,1.1610273074352238]","[[0.34441197335250046,0.8332610360490273,-0.43250021781952736],[-0.9093383559548955,0.18154820955192075,-0.3743581199837129],[-0.2334183947350436,0.5222224558662657,0.8202435977124855]]","[-2.578042024040462,0.036008619969428904,2.8972999999999995,-0.5589157909530367,-2.8972999999999995,2.0324139277175353,-1.7685271154541125]",0.0012992839328331773,0.004631253155571994,position_tolerance,804929,,solved
panda,ca9065ec04392f64d1cce7cea6e6ae7ba224495be6a41fa0902e34ddeb925465,trajectory_17,trac_task_5ms,2,near_singular,118,"[2.891099658691964,0.19204677049117747,1.66030001354989,-0.66182260030478,0.8554974255263461,0.34313197583778465,0.08289420904409049]","[-0.06191101117000993,-0.2569398691732451,0.9094463974840075]","[[0.5485944334063589,-0.6883113438429131,0.4746278980135061],[-0.8359417731707867,-0.44091363393388183,0.32679736730778625],[-0.01566842377641365,-0.5760405032186382,-0.8172709704547085]]","[2.891099658691964,0.19204677049117747,1.66030001354989,-0.66182260030478,0.8554974255263461,0.34313197583778465,0.08289420904409049]",0.0022408238879752956,0.010357006894026065,internal_nonconvergence+position_tolerance+orientation_tolerance,5235159,,
panda,b47f91198895baa3999a406c9c32516cd3e78dd7e42a8bccccc4cd058a03020a,trajectory_26,tar_old,2,joint_limit_return,72,"[-1.1579807330005387,0.5342682317696072,0.23696747384927402,-0.9574229382638674,2.892767488483961,2.7951672426922625,0.5164107982815827]","[0.37719423030748733,-0.6378831642217682,0.6422111927532251]","[[0.5275670504201451,0.6604035474662989,0.534359580998522],[-0.10416908689423132,0.6745619459455053,-0.7308317059472961],[-0.8431024900014291,0.3298989778343376,0.424670290669419]]",,,,non_finite_or_wrong_shape,7070421,"{""internal_ok"":false,""internal_status"":""native_no_solution"",""native_return_code"":-3,""iterations"":null,""solver_function_evaluations"":null,""native_conversion_ns"":550,""native_setup_ns"":7592,""native_solve_ns"":5014154,""native_bounds"":[0.0005773502691896257,0.0005773502691896257,0.0005773502691896257,0.00503833156733364,0.00503833156733364,0.00503833156733364],""method"":""trac_task_5ms"",""q"":[-1.1579807330005387,0.5342682317696072,0.23696747384927402,-0.9574229382638674,2.892767488483961,2.7951672426922625,0.5164107982815827],""finite"":true,""accepted"":false,""joint_limit_ok"":true,""velocity_ok"":true,""verification_reasons"":[""position_tolerance"",""orientation_tolerance""],""position_error"":0.01341802297737299,""orientation_error"":0.02488909636886284,""total_latency_ns"":5217286,""conversion_ns"":3405,""bounds_setup_ns"":22153,""solve_ns"":5014154,""verification_ns"":150497,""accounting_remainder_ns"":27077,""returned_within_5ms"":false,""returned_within_20ms"":true,""accepted_within_20ms"":false,""lower"":[-1.2015807330005386,0.49066823176960733,0.19336747384927405,-1.0010229382638671,2.8404674884839616,2.742867242692263,0.4641107982815827],""upper"":[-1.1143807330005389,0.5778682317696071,0.280567473849274,-0.9138229382638675,2.8972999999999995,2.847467242692262,0.5687107982815826],""seed_q"":[-1.1579807330005387,0.5342682317696072,0.23696747384927402,-0.9574229382638674,2.892767488483961,2.7951672426922625,0.5164107982815827],""budget_ms"":5,""taxonomy"":""internal_failure__task_reject"",""trace_instrumented"":false,""failure_kind"":""internal_nonconvergence+position_tolerance+orientation_tolerance"",""velocity_utilization"":0.0}","[{""outer"":0,""status"":""MaxTime"",""iterations"":0,""native_seconds"":0.016639186,""primal_residual"":0.48698544616605016,""dual_residual"":0.36765632983467295,""build_ns"":205682,""solve_ns"":59982,""affine_tau"":-0.7793441776112291,""variables"":99,""sparse_nonzeros"":1175,""updates"":23780}]"
panda,ca9065ec04392f64d1cce7cea6e6ae7ba224495be6a41fa0902e34ddeb925465,trajectory_17,tar_corrected,0,near_singular,97,"[2.2166091166759827,0.021789520332467095,1.8257499949436253,-0.5417388634400795,1.1693405260814715,0.2511660332254921,-0.09627915968692197]","[-0.05515314922878735,-0.2163202290886089,0.9303491524503381]","[[0.49729500599426313,-0.7432861553301588,0.4474632591707128],[-0.8642911890392752,-0.4693094760874165,0.18096783195814195],[0.07548786367517347,-0.4767329513984378,-0.8758009337107909]]",,,,non_finite_or_wrong_shape,7598447,"{""internal_ok"":false,""internal_status"":""native_no_solution"",""native_return_code"":-3,""iterations"":null,""solver_function_evaluations"":null,""native_conversion_ns"":559,""native_setup_ns"":7885,""native_solve_ns"":5062724,""native_bounds"":[0.0005773502691896257,0.0005773502691896257,0.0005773502691896257,0.00503833156733364,0.00503833156733364,0.00503833156733364],""method"":""trac_task_5ms"",""q"":[2.2166091166759827,0.021789520332467095,1.8257499949436253,-0.5417388634400795,1.1693405260814715,0.2511660332254921,-0.09627915968692197],""finite"":true,""accepted"":false,""joint_limit_ok"":true,""velocity_ok"":true,""verification_reasons"":[""position_tolerance"",""orientation_tolerance""],""position_error"":0.0022587231021167563,""orientation_error"":0.012351584615461701,""total_latency_ns"":5305864,""conversion_ns"":3507,""bounds_setup_ns"":22025,""solve_ns"":5062724,""verification_ns"":184076,""accounting_remainder_ns"":33532,""returned_within_5ms"":false,""returned_within_20ms"":true,""accepted_within_20ms"":false,""lower"":[2.173009116675983,-0.0218104796675329,1.7821499949436255,-0.5853388634400793,1.1170405260814718,0.1988660332254921,-0.14857915968692195],""upper"":[2.2602091166759823,0.06538952033246707,1.8693499949436252,-0.49813886344007957,1.2216405260814713,0.30346603322549204,-0.043979159686921974],""seed_q"":[2.2166091166759827,0.021789520332467095,1.8257499949436253,-0.5417388634400795,1.1693405260814715,0.2511660332254921,-0.09627915968692197],""budget_ms"":5,""taxonomy"":""internal_failure__task_reject"",""trace_instrumented"":false,""failure_kind"":""internal_nonconvergence+position_tolerance+orientation_tolerance"",""velocity_utilization"":0.0}","[{""outer"":0,""phase"":""joint"",""phase_update"":0,""status"":""MaxTime"",""iterations"":0,""native_seconds"":0.002248923,""primal_residual"":0.5934446790766366,""dual_residual"":0.7088531042322088,""build_ns"":204500,""solve_ns"":60902,""affine_tau"":-0.5229925206293932,""variables"":99,""sparse_nonzeros"":1175,""updates"":2892}]"
panda,ca9065ec04392f64d1cce7cea6e6ae7ba224495be6a41fa0902e34ddeb925465,trajectory_17,tar_corrected,2,near_singular,119,"[2.8844796936940025,0.20008835146633147,1.6806864121270118,-0.6751881931152062,0.8493965857033048,0.3495160828900574,0.08478505085166518]","[-0.06234755816855856,-0.2584147739463928,0.9085985723227469]","[[0.5505424179895927,-0.6860724429890204,0.47561291925814],[-0.8345978352700153,-0.4395820439607435,0.3319850598895969],[-0.01869490189268268,-0.5797173704473346,-0.8146031371440027]]",,,,non_finite_or_wrong_shape,7588184,"{""internal_ok"":false,""internal_status"":""native_no_solution"",""native_return_code"":-3,""iterations"":null,""solver_function_evaluations"":null,""native_conversion_ns"":578,""native_setup_ns"":9178,""native_solve_ns"":5012664,""native_bounds"":[0.0005773502691896257,0.0005773502691896257,0.0005773502691896257,0.00503833156733364,0.00503833156733364,0.00503833156733364],""method"":""trac_task_5ms"",""q"":[2.8844796936940025,0.20008835146633147,1.6806864121270118,-0.6751881931152062,0.8493965857033048,0.3495160828900574,0.08478505085166518],""finite"":true,""accepted"":false,""joint_limit_ok"":true,""velocity_ok"":true,""verification_reasons"":[""position_tolerance""],""position_error"":0.0016876587840498093,""orientation_error"":0.0073220351281640655,""total_latency_ns"":5256806,""conversion_ns"":3381,""bounds_setup_ns"":23115,""solve_ns"":5012664,""verification_ns"":185017,""accounting_remainder_ns"":32629,""returned_within_5ms"":false,""returned_within_20ms"":true,""accepted_within_20ms"":false,""lower"":[2.840879693694003,0.1564883514663315,1.637086412127012,-0.718788193115206,0.7970965857033049,0.29721608289005746,0.03248505085166519],""upper"":[2.8972999999999995,0.24368835146633144,1.7242864121270116,-0.6315881931152063,0.9016965857033047,0.4018160828900574,0.13708505085166514],""seed_q"":[2.8844796936940025,0.20008835146633147,1.6806864121270118,-0.6751881931152062,0.8493965857033048,0.3495160828900574,0.08478505085166518],""budget_ms"":5,""taxonomy"":""internal_failure__task_reject"",""trace_instrumented"":false,""failure_kind"":""internal_nonconvergence+position_tolerance"",""velocity_utilization"":0.0}","[{""outer"":0,""phase"":""joint"",""phase_update"":0,""status"":""MaxTime"",""iterations"":0,""native_seconds"":0.002472541,""primal_residual"":0.6459226263829887,""dual_residual"":0.9096508090888973,""build_ns"":204018,""solve_ns"":61905,""affine_tau"":-0.5229925206293932,""variables"":99,""sparse_nonzeros"":1175,""updates"":3206}]"
panda,ca9065ec04392f64d1cce7cea6e6ae7ba224495be6a41fa0902e34ddeb925465,trajectory_17,pink_qp,2,near_singular,122,"[2.8972999999999995,0.2208501889085296,1.71267687290282,-0.6933050514508895,0.8237396789143764,0.3642165226420566,0.10348506575471131]","[-0.06365257251620854,-0.26256401938349483,0.9061759282087597]","[[0.5560616649394297,-0.6796655486174742,0.47838286633960614],[-0.8306996908455809,-0.4357232051395866,0.3465303913539789],[-0.02708225274687437,-0.5900847655425395,-0.8068869320175911]]","[2.8972999999999995,0.24092726647793833,1.7562768729028198,-0.7068710601948309,0.7938662328714136,0.37838831385312666,0.11901884516860067]",0.0010549523841012337,0.008031829089156796,position_tolerance,771774,,solved
panda,827f4c481262ed599d5a62ea92d72f83f9d2baecaa5e733c4c0018e796d573d5,trajectory_38,pink_qp,0,high_curvature,105,"[-0.29890812302948927,0.6501893171993048,0.15842787091403504,-0.06980000000000001,0.37630819867383475,1.0383314852110515,0.27493358057509076]","[0.5386324067017476,-0.0890863944736938,0.8244160345204308]","[[0.91949543392027,-0.13962573615186571,0.36746809494679145],[-0.27315610011680863,-0.8991820107761838,0.34184419911046454],[0.28269045256030595,-0.4147003319272225,-0.86493337473513]]","[-0.29677849720720634,0.6322722729599511,0.11482787091403505,-0.06980000000000001,0.4139754548757427,1.03909267198161,0.2798914939718913]",0.001411975557762603,0.014032338823747612,position_tolerance+orientation_tolerance,857849,,solved
panda,ca9065ec04392f64d1cce7cea6e6ae7ba224495be6a41fa0902e34ddeb925465,trajectory_17,tar_old,2,near_singular,118,"[2.8768722814677394,0.19575105990757957,1.6816445781378029,-0.670441241384069,0.8498365121166054,0.34794608074981787,0.08280913342996463]","[-0.06191101117000993,-0.2569398691732451,0.9094463974840075]","[[0.5485944334063589,-0.6883113438429131,0.4746278980135061],[-0.8359417731707867,-0.44091363393388183,0.32679736730778625],[-0.01566842377641365,-0.5760405032186382,-0.8172709704547085]]",,,,non_finite_or_wrong_shape,7087738,"{""internal_ok"":false,""internal_status"":""native_no_solution"",""native_return_code"":-3,""iterations"":null,""solver_function_evaluations"":null,""native_conversion_ns"":489,""native_setup_ns"":7836,""native_solve_ns"":5012424,""native_bounds"":[0.0005773502691896257,0.0005773502691896257,0.0005773502691896257,0.00503833156733364,0.00503833156733364,0.00503833156733364],""method"":""trac_task_5ms"",""q"":[2.8768722814677394,0.19575105990757957,1.6816445781378029,-0.670441241384069,0.8498365121166054,0.34794608074981787,0.08280913342996463],""finite"":true,""accepted"":false,""joint_limit_ok"":true,""velocity_ok"":true,""verification_reasons"":[""position_tolerance""],""position_error"":0.0015299450567170777,""orientation_error"":0.007727348473497502,""total_latency_ns"":5221330,""conversion_ns"":3442,""bounds_setup_ns"":21587,""solve_ns"":5012424,""verification_ns"":157892,""accounting_remainder_ns"":25985,""returned_within_5ms"":false,""returned_within_20ms"":true,""accepted_within_20ms"":false,""lower"":[2.83327228146774,0.1521510599075796,1.638044578137803,-0.7140412413840689,0.7975365121166055,0.2956460807498179,0.03050913342996463],""upper"":[2.8972999999999995,0.23935105990757954,1.7252445781378027,-0.6268412413840692,0.9021365121166053,0.4002460807498178,0.13510913342996458],""seed_q"":[2.8768722814677394,0.19575105990757957,1.6816445781378029,-0.670441241384069,0.8498365121166054,0.34794608074981787,0.08280913342996463],""budget_ms"":5,""taxonomy"":""internal_failure__task_reject"",""trace_instrumented"":false,""failure_kind"":""internal_nonconvergence+position_tolerance"",""velocity_utilization"":0.0}","[{""outer"":0,""status"":""MaxTime"",""iterations"":0,""native_seconds"":0.01905652,""primal_residual"":0.5956719018830506,""dual_residual"":0.38131416503149246,""build_ns"":203984,""solve_ns"":62197,""affine_tau"":-0.7793441776112291,""variables"":99,""sparse_nonzeros"":1175,""updates"":27267}]"
panda,b47f91198895baa3999a406c9c32516cd3e78dd7e42a8bccccc4cd058a03020a,trajectory_26,tar_corrected,2,joint_limit_return,71,"[-1.1566455836661236,0.5328232389449761,0.25965732081427967,-0.9529024069746264,2.888534859775119,2.8034704311058385,0.5144794388874888]","[0.38693943824308696,-0.6300532542719856,0.6459277823269656]","[[0.5306617129559349,0.6476029799554461,0.5468167213568902],[-0.09173420140043374,0.685240687155057,-0.7225164613769637],[-0.8426048793450567,0.33325002778708235,0.42303833902355853]]",,,,non_finite_or_wrong_shape,7581661,"{""internal_ok"":false,""internal_status"":""native_no_solution"",""native_return_code"":-3,""iterations"":null,""solver_function_evaluations"":null,""native_conversion_ns"":563,""native_setup_ns"":8086,""native_solve_ns"":5011710,""native_bounds"":[0.0005773502691896257,0.0005773502691896257,0.0005773502691896257,0.00503833156733364,0.00503833156733364,0.00503833156733364],""method"":""trac_task_5ms"",""q"":[-1.1566455836661236,0.5328232389449761,0.25965732081427967,-0.9529024069746264,2.888534859775119,2.8034704311058385,0.5144794388874888],""finite"":true,""accepted"":false,""joint_limit_ok"":true,""velocity_ok"":true,""verification_reasons"":[""position_tolerance"",""orientation_tolerance""],""position_error"":0.012240031613076933,""orientation_error"":0.024843231085509364,""total_latency_ns"":5257575,""conversion_ns"":3430,""bounds_setup_ns"":22020,""solve_ns"":5011710,""verification_ns"":187672,""accounting_remainder_ns"":32743,""returned_within_5ms"":false,""returned_within_20ms"":true,""accepted_within_20ms"":false,""lower"":[-1.2002455836661234,0.48922323894497616,0.2160573208142797,-0.9965024069746262,2.8362348597751197,2.751170431105839,0.46217943888748886],""upper"":[-1.1130455836661237,0.5764232389449759,0.30325732081427964,-0.9093024069746265,2.8972999999999995,2.855770431105838,0.5667794388874887],""seed_q"":[-1.1566455836661236,0.5328232389449761,0.25965732081427967,-0.9529024069746264,2.888534859775119,2.8034704311058385,0.5144794388874888],""budget_ms"":5,""taxonomy"":""internal_failure__task_reject"",""trace_instrumented"":false,""failure_kind"":""internal_nonconvergence+position_tolerance+orientation_tolerance"",""velocity_utilization"":0.0}","[{""outer"":0,""phase"":""joint"",""phase_update"":0,""status"":""MaxTime"",""iterations"":0,""native_seconds"":0.002558377,""primal_residual"":0.5179129311231406,""dual_residual"":0.9074777179881799,""build_ns"":207844,""solve_ns"":61756,""affine_tau"":-0.5229925206293932,""variables"":99,""sparse_nonzeros"":1175,""updates"":3327}]"
panda,4e626ba28da6a8d45d22f023c3732e2d796c83a0e74df2aa41168fe26f6dccab,trajectory_14,tar_corrected,1,near_singular,114,"[-2.1447059141067446,0.052062342516059824,2.4391748044917794,-0.5568488739207238,-2.8952888552634737,2.0670044559143097,-1.7461841246284653]","[0.2093997000375418,0.023992813196638395,1.161449008205382]","[[0.34203163240143825,0.8440123545533905,-0.41310713840122565],[-0.9070865282734593,0.18175357540054604,-0.3796836420678684],[-0.24537398529919738,0.5045877358699475,0.8277577086007893]]",,,,non_finite_or_wrong_shape,7461325,"{""internal_ok"":false,""internal_status"":""native_no_solution"",""native_return_code"":-3,""iterations"":null,""solver_function_evaluations"":null,""native_conversion_ns"":537,""native_setup_ns"":8576,""native_solve_ns"":5014264,""native_bounds"":[0.0005773502691896257,0.0005773502691896257,0.0005773502691896257,0.00503833156733364,0.00503833156733364,0.00503833156733364],""method"":""trac_task_5ms"",""q"":[-2.1447059141067446,0.052062342516059824,2.4391748044917794,-0.5568488739207238,-2.8952888552634737,2.0670044559143097,-1.7461841246284653],""finite"":true,""accepted"":false,""joint_limit_ok"":true,""velocity_ok"":true,""verification_reasons"":[""position_tolerance""],""position_error"":0.0028088469220604387,""orientation_error"":0.0008296676662061016,""total_latency_ns"":5265126,""conversion_ns"":3757,""bounds_setup_ns"":22282,""solve_ns"":5014264,""verification_ns"":193012,""accounting_remainder_ns"":31811,""returned_within_5ms"":false,""returned_within_20ms"":true,""accepted_within_20ms"":false,""lower"":[-2.1883059141067442,0.008462342516059826,2.3955748044917797,-0.6004488739207237,-2.8972999999999995,2.0147044559143104,-1.798484124628465],""upper"":[-2.101105914106745,0.0956623425160598,2.482774804491779,-0.5132488739207239,-2.8429888552634743,2.119304455914309,-1.6938841246284655],""seed_q"":[-2.1447059141067446,0.052062342516059824,2.4391748044917794,-0.5568488739207238,-2.8952888552634737,2.0670044559143097,-1.7461841246284653],""budget_ms"":5,""taxonomy"":""internal_failure__task_reject"",""trace_instrumented"":false,""failure_kind"":""internal_nonconvergence+position_tolerance"",""velocity_utilization"":0.0}","[{""outer"":0,""phase"":""joint"",""phase_update"":0,""status"":""MaxTime"",""iterations"":0,""native_seconds"":0.002709869,""primal_residual"":0.5897111224659548,""dual_residual"":0.7069430823647697,""build_ns"":207079,""solve_ns"":64348,""affine_tau"":-0.5229925206293932,""variables"":99,""sparse_nonzeros"":1175,""updates"":3544}]"
ur5e,bf166cd6db08076d8c85cfd7e7364d2446c3c1ec592ea82609b812c0faa204ea,trajectory_15,tar_old,0,near_singular,125,"[6.283183441174509,-5.459011992453088,1.6190457121371664,-4.6680183110218785,1.4524445616442527,-5.146233009866036]","[0.006357379198625106,0.1465530850994874,-0.2632573644316416]","[[-0.694770808606833,-0.39269246843327316,-0.6025663023631427],[0.4121198881958775,-0.9039772943907654,0.11393967254371533],[-0.589449506964952,-0.1691675987349069,0.7898934119721728]]",,,,non_finite_or_wrong_shape,8236462,"{""internal_ok"":false,""internal_status"":""native_no_solution"",""native_return_code"":-3,""iterations"":null,""solver_function_evaluations"":null,""native_conversion_ns"":503,""native_setup_ns"":9214,""native_solve_ns"":5017260,""native_bounds"":[0.0005773502691896257,0.0005773502691896257,0.0005773502691896257,0.00503833156733364,0.00503833156733364,0.00503833156733364],""method"":""trac_task_5ms"",""q"":[6.283183441174509,-5.459011992453088,1.6190457121371664,-4.6680183110218785,1.4524445616442527,-5.146233009866036],""finite"":true,""accepted"":false,""joint_limit_ok"":true,""velocity_ok"":true,""verification_reasons"":[""position_tolerance""],""position_error"":0.001896326438887338,""orientation_error"":0.007955020526961318,""total_latency_ns"":5230166,""conversion_ns"":3644,""bounds_setup_ns"":22541,""solve_ns"":5017260,""verification_ns"":156659,""accounting_remainder_ns"":30062,""returned_within_5ms"":false,""returned_within_20ms"":true,""accepted_within_20ms"":false,""lower"":[6.220251588102713,-5.521943845524883,1.5561138590653707,-4.730950164093674,1.389512708572457,-5.209164862937831],""upper"":[6.283185307179585,-5.396080139381293,1.6819775652089621,-4.605086457950083,1.5153764147160484,-5.08330115679424],""seed_q"":[6.283183441174509,-5.459011992453088,1.6190457121371664,-4.6680183110218785,1.4524445616442527,-5.146233009866036],""budget_ms"":5,""taxonomy"":""internal_failure__task_reject"",""trace_instrumented"":false,""failure_kind"":""internal_nonconvergence+position_tolerance"",""velocity_utilization"":0.0}","[{""outer"":0,""status"":""AlmostPrimalInfeasible"",""iterations"":18,""native_seconds"":0.002105597,""primal_residual"":5.266277014217004e-08,""dual_residual"":4.566198138015028e-16,""build_ns"":188833,""solve_ns"":1269757,""affine_tau"":0.11792049961327504,""variables"":85,""sparse_nonzeros"":1011,""updates"":1151}]"
ur5e,bf166cd6db08076d8c85cfd7e7364d2446c3c1ec592ea82609b812c0faa204ea,trajectory_15,trac_task_5ms,1,near_singular,124,"[6.283185307179585,-5.46123162832147,1.620208730378884,-4.667950362577028,1.4533783220477217,-5.147631249514993]","[0.007072289920048387,0.14578043002912777,-0.2626977898743025]","[[-0.6922972330332325,-0.39512550802463087,-0.6038214753077332],[0.41483306440331685,-0.9025983660968872,0.11502051207060113],[-0.5904558152921213,-0.170856730705896,0.7887774767069665]]","[6.283185307179585,-5.46123162832147,1.620208730378884,-4.667950362577028,1.4533783220477217,-5.147631249514993]",0.0013869506175140142,0.00534885638300717,internal_nonconvergence+position_tolerance,5208659,,
ur5e,5547871d76b6176b3e5dd5d8f20eebc72645f4fdb4a7e415a21928fb85392f9e,trajectory_38,pink_qp,1,high_curvature,77,"[2.450420515534097,1.0354765466516107,1.291779128253633,1.4343853766209158,-2.8592467301471394,1.131248096856852]","[-0.04381326850673338,-0.014501902314038195,-0.42076445987733185]","[[0.7330040528339873,-0.5122751977543765,0.4475256197075912],[-0.4676886975406432,0.09818740396926035,0.878422743270297],[-0.49393556332955624,-0.8531901051157894,-0.1676135549734039]]","[2.4651934636929735,1.0334415477980525,1.3182176429577586,1.4769067342140672,-2.874761657804875,1.1941799499286476]",0.0015130008676266034,0.0030930768202050425,position_tolerance,672634,,solved
ur5e,5547871d76b6176b3e5dd5d8f20eebc72645f4fdb4a7e415a21928fb85392f9e,trajectory_38,tar_old,0,high_curvature,76,"[2.390309510754326,1.0462993148957807,1.2501745038184051,1.3392719106984559,-2.805690573502698,1.0044945318489968]","[-0.04627198591536185,-0.011718107333322028,-0.42329878514068847]","[[0.7357781078050689,-0.5155053958793134,0.4391864784964408],[-0.4578176908463514,0.09925030990788489,0.8834887310720513],[-0.4990326021643345,-0.8511190062514766,-0.16298128473721135]]",,,,non_finite_or_wrong_shape,7032908,"{""internal_ok"":false,""internal_status"":""native_no_solution"",""native_return_code"":-3,""iterations"":null,""solver_function_evaluations"":null,""native_conversion_ns"":454,""native_setup_ns"":9616,""native_solve_ns"":5010868,""native_bounds"":[0.0005773502691896257,0.0005773502691896257,0.0005773502691896257,0.00503833156733364,0.00503833156733364,0.00503833156733364],""method"":""trac_task_5ms"",""q"":[2.390309510754326,1.0462993148957807,1.2501745038184051,1.3392719106984559,-2.805690573502698,1.0044945318489968],""finite"":true,""accepted"":false,""joint_limit_ok"":true,""velocity_ok"":true,""verification_reasons"":[""position_tolerance"",""orientation_tolerance""],""position_error"":0.004461112171986769,""orientation_error"":0.010822436451312631,""total_latency_ns"":5219369,""conversion_ns"":3394,""bounds_setup_ns"":24088,""solve_ns"":5010868,""verification_ns"":153518,""accounting_remainder_ns"":27501,""returned_within_5ms"":false,""returned_within_20ms"":true,""accepted_within_20ms"":false,""lower"":[2.327377657682531,0.9833674618239849,1.1872426507466094,1.2763400576266601,-2.8686224265744933,0.9415626787772011],""upper"":[2.4532413638261215,1.1092311679675764,1.3131063568902008,1.4022037637702516,-2.7427587204309027,1.0674263849207926],""seed_q"":[2.390309510754326,1.0462993148957807,1.2501745038184051,1.3392719106984559,-2.805690573502698,1.0044945318489968],""budget_ms"":5,""taxonomy"":""internal_failure__task_reject"",""trace_instrumented"":false,""failure_kind"":""internal_nonconvergence+position_tolerance+orientation_tolerance"",""velocity_utilization"":0.0}","[{""outer"":0,""status"":""MaxTime"",""iterations"":0,""native_seconds"":0.00391412,""primal_residual"":0.6032011939152828,""dual_residual"":0.3834560867331291,""build_ns"":188100,""solve_ns"":54784,""affine_tau"":-0.7850081001755596,""variables"":85,""sparse_nonzeros"":1011,""updates"":6487}]"
ur5e,5ff81edc43cf92c445ae661655f0f074229d3861bbbd0b57d14ad453615b9e25,trajectory_17,pink_qp,0,near_singular,73,"[-4.281495638922811,-3.0379994646060005,2.690243367178409,5.3425256236111185,0.0026527079272355104,-3.455325003732475]","[-0.22896134247095953,-0.05903745519610541,0.3101480360399678]","[[0.01116807877260207,-0.4138607791254421,-0.9102716789608534],[-0.033287147856287704,0.9096700378916924,-0.41399563759745106],[0.9993834298226694,0.03492388385916315,-0.0036169783064166757]]","[-4.286408762368406,-3.0264655899332826,2.681262720679826,5.4000424405474075,-0.0037224200801888934,-3.518960857953669]",0.00019537502331334766,0.0004037931034406353,internal_nonconvergence+velocity_limit,970906,,maximum iterations reached
ur5e,bf166cd6db08076d8c85cfd7e7364d2446c3c1ec592ea82609b812c0faa204ea,trajectory_15,tar_corrected,1,near_singular,125,"[6.283185307179585,-5.458334391120092,1.6180975972536646,-4.66538539533528,1.4516232423539606,-5.144813482408433]","[0.006357379198625106,0.1465530850994874,-0.2632573644316416]","[[-0.694770808606833,-0.39269246843327316,-0.6025663023631427],[0.4121198881958775,-0.9039772943907654,0.11393967254371533],[-0.589449506964952,-0.1691675987349069,0.7898934119721728]]",,,,non_finite_or_wrong_shape,7975131,"{""internal_ok"":false,""internal_status"":""native_no_solution"",""native_return_code"":-3,""iterations"":null,""solver_function_evaluations"":null,""native_conversion_ns"":532,""native_setup_ns"":9730,""native_solve_ns"":5012703,""native_bounds"":[0.0005773502691896257,0.0005773502691896257,0.0005773502691896257,0.00503833156733364,0.00503833156733364,0.00503833156733364],""method"":""trac_task_5ms"",""q"":[6.283185307179585,-5.458334391120092,1.6180975972536646,-4.66538539533528,1.4516232423539606,-5.144813482408433],""finite"":true,""accepted"":false,""joint_limit_ok"":true,""velocity_ok"":true,""verification_reasons"":[""position_tolerance""],""position_error"":0.0018208588840394452,""orientation_error"":0.0068341803117378695,""total_latency_ns"":5206023,""conversion_ns"":3612,""bounds_setup_ns"":23791,""solve_ns"":5012703,""verification_ns"":140710,""accounting_remainder_ns"":25207,""returned_within_5ms"":false,""returned_within_20ms"":true,""accepted_within_20ms"":false,""lower"":[6.22025345410779,-5.521266244191887,1.555165744181869,-4.728317248407075,1.3886913892821648,-5.2077453354802286],""upper"":[6.283185307179585,-5.395402538048296,1.6810294503254604,-4.6024535422634845,1.5145550954257563,-5.081881629336638],""seed_q"":[6.283185307179585,-5.458334391120092,1.6180975972536646,-4.66538539533528,1.4516232423539606,-5.144813482408433],""budget_ms"":5,""taxonomy"":""internal_failure__task_reject"",""trace_instrumented"":false,""failure_kind"":""internal_nonconvergence+position_tolerance"",""velocity_utilization"":0.0}","[{""outer"":0,""phase"":""joint"",""phase_update"":0,""status"":""MaxTime"",""iterations"":10,""native_seconds"":0.002123788,""primal_residual"":0.006227644638270515,""dual_residual"":0.001727702408905316,""build_ns"":194563,""solve_ns"":702844,""affine_tau"":1.1767123405518982,""variables"":85,""sparse_nonzeros"":1011,""updates"":2144}]"
ur5e,bf166cd6db08076d8c85cfd7e7364d2446c3c1ec592ea82609b812c0faa204ea,trajectory_15,tar_corrected,0,near_singular,124,"[6.283185307179585,-5.46123162832147,1.620208730378884,-4.667950362577028,1.4533783220477217,-5.147631249514993]","[0.007072289920048387,0.14578043002912777,-0.2626977898743025]","[[-0.6922972330332325,-0.39512550802463087,-0.6038214753077332],[0.41483306440331685,-0.9025983660968872,0.11502051207060113],[-0.5904558152921213,-0.170856730705896,0.7887774767069665]]",,,,non_finite_or_wrong_shape,7768165,"{""internal_ok"":false,""internal_status"":""native_no_solution"",""native_return_code"":-3,""iterations"":null,""solver_function_evaluations"":null,""native_conversion_ns"":487,""native_setup_ns"":9773,""native_solve_ns"":5011275,""native_bounds"":[0.0005773502691896257,0.0005773502691896257,0.0005773502691896257,0.00503833156733364,0.00503833156733364,0.00503833156733364],""method"":""trac_task_5ms"",""q"":[6.283185307179585,-5.46123162832147,1.620208730378884,-4.667950362577028,1.4533783220477217,-5.147631249514993],""finite"":true,""accepted"":false,""joint_limit_ok"":true,""velocity_ok"":true,""verification_reasons"":[""position_tolerance""],""position_error"":0.0013869506175140142,""orientation_error"":0.00534885638300717,""total_latency_ns"":5251630,""conversion_ns"":3287,""bounds_setup_ns"":23156,""solve_ns"":5011275,""verification_ns"":181489,""accounting_remainder_ns"":32423,""returned_within_5ms"":false,""returned_within_20ms"":true,""accepted_within_20ms"":false,""lower"":[6.22025345410779,-5.524163481393265,1.5572768773070882,-4.7308822156488235,1.390446468975926,-5.2105631025867885],""upper"":[6.283185307179585,-5.398299775249675,1.6831405834506796,-4.605018509505233,1.5163101751195174,-5.084699396443198],""seed_q"":[6.283185307179585,-5.46123162832147,1.620208730378884,-4.667950362577028,1.4533783220477217,-5.147631249514993],""budget_ms"":5,""taxonomy"":""internal_failure__task_reject"",""trace_instrumented"":false,""failure_kind"":""internal_nonconvergence+position_tolerance"",""velocity_utilization"":0.0}","[{""outer"":0,""phase"":""joint"",""phase_update"":0,""status"":""MaxTime"",""iterations"":5,""native_seconds"":0.002111753,""primal_residual"":0.003808594326961522,""dual_residual"":0.0042851763904137126,""build_ns"":197924,""solve_ns"":348466,""affine_tau"":0.5714278191197887,""variables"":85,""sparse_nonzeros"":1011,""updates"":2697}]"
ur5e,f87cbb198e6aa95e16ea15160dd1d4f545d70b0d61622238ff991b3a2d27786a,trajectory_02,tar_corrected,2,smooth,31,"[3.916166804966068,-2.056778347383244,1.0104375733574948,0.5158112578210883,-0.42564918104718974,3.4486727723129236]","[0.15176318819029755,-0.16972938711180202,0.7708480634486129]","[[-0.367701838339846,-0.2700049048366814,0.8898835370123621],[-0.9098309659158194,-0.09349054408575327,-0.40431068700596684],[0.19236156461773962,-0.9583093809050834,-0.21128217844184266]]",,,,non_finite_or_wrong_shape,7419599,"{""internal_ok"":false,""internal_status"":""native_no_solution"",""native_return_code"":-3,""iterations"":null,""solver_function_evaluations"":null,""native_conversion_ns"":481,""native_setup_ns"":9409,""native_solve_ns"":5012982,""native_bounds"":[0.0005773502691896257,0.0005773502691896257,0.0005773502691896257,0.00503833156733364,0.00503833156733364,0.00503833156733364],""method"":""trac_task_5ms"",""q"":[3.916166804966068,-2.056778347383244,1.0104375733574948,0.5158112578210883,-0.42564918104718974,3.4486727723129236],""finite"":true,""accepted"":false,""joint_limit_ok"":true,""velocity_ok"":true,""verification_reasons"":[""position_tolerance"",""orientation_tolerance""],""position_error"":0.004323689679718956,""orientation_error"":0.014360216695550512,""total_latency_ns"":5245467,""conversion_ns"":3416,""bounds_setup_ns"":23257,""solve_ns"":5012982,""verification_ns"":176004,""accounting_remainder_ns"":29808,""returned_within_5ms"":false,""returned_within_20ms"":true,""accepted_within_20ms"":false,""lower"":[3.853234951894273,-2.119710200455039,0.9475057202856991,0.45287940474929245,-0.48858103411898557,3.3857409192411283],""upper"":[3.9790986580378633,-1.9938464943114482,1.0733694264292906,0.578743110892884,-0.3627173279753939,3.511604625384719],""seed_q"":[3.916166804966068,-2.056778347383244,1.0104375733574948,0.5158112578210883,-0.42564918104718974,3.4486727723129236],""budget_ms"":5,""taxonomy"":""internal_failure__task_reject"",""trace_instrumented"":false,""failure_kind"":""internal_nonconvergence+position_tolerance+orientation_tolerance"",""velocity_utilization"":0.0}","[{""outer"":0,""phase"":""joint"",""phase_update"":0,""status"":""MaxTime"",""iterations"":0,""native_seconds"":0.002067641,""primal_residual"":0.6260121961234202,""dual_residual"":0.5957619347385003,""build_ns"":190995,""solve_ns"":57602,""affine_tau"":-0.490280322888964,""variables"":85,""sparse_nonzeros"":1011,""updates"":3095}]"
ur5e,5ff81edc43cf92c445ae661655f0f074229d3861bbbd0b57d14ad453615b9e25,trajectory_17,pink_qp,1,near_singular,73,"[-4.281495638922811,-3.0379994646060005,2.690243367178409,5.3425256236111185,0.0026527079272355104,-3.455325003732475]","[-0.22896134247095953,-0.05903745519610541,0.3101480360399678]","[[0.01116807877260207,-0.4138607791254421,-0.9102716789608534],[-0.033287147856287704,0.9096700378916924,-0.41399563759745106],[0.9993834298226694,0.03492388385916315,-0.0036169783064166757]]","[-4.286408762368406,-3.0264655899332826,2.681262720679826,5.4000424405474075,-0.0037224200801888934,-3.518960857953669]",0.00019537502331334766,0.0004037931034406353,internal_nonconvergence+velocity_limit,957700,,maximum iterations reached
ur5e,f87cbb198e6aa95e16ea15160dd1d4f545d70b0d61622238ff991b3a2d27786a,trajectory_02,tar_corrected,0,smooth,31,"[3.915529693694114,-2.056379192479368,1.0095452995568561,0.5158112578213934,-0.42754320121842776,3.4497370143595734]","[0.15176318819029755,-0.16972938711180202,0.7708480634486129]","[[-0.367701838339846,-0.2700049048366814,0.8898835370123621],[-0.9098309659158194,-0.09349054408575327,-0.40431068700596684],[0.19236156461773962,-0.9583093809050834,-0.21128217844184266]]",,,,non_finite_or_wrong_shape,7381372,"{""internal_ok"":false,""internal_status"":""native_no_solution"",""native_return_code"":-3,""iterations"":null,""solver_function_evaluations"":null,""native_conversion_ns"":490,""native_setup_ns"":9561,""native_solve_ns"":5014744,""native_bounds"":[0.0005773502691896257,0.0005773502691896257,0.0005773502691896257,0.00503833156733364,0.00503833156733364,0.00503833156733364],""method"":""trac_task_5ms"",""q"":[3.915529693694114,-2.056379192479368,1.0095452995568561,0.5158112578213934,-0.42754320121842776,3.4497370143595734],""finite"":true,""accepted"":false,""joint_limit_ok"":true,""velocity_ok"":true,""verification_reasons"":[""position_tolerance"",""orientation_tolerance""],""position_error"":0.004414260967102551,""orientation_error"":0.015162651389308196,""total_latency_ns"":5195046,""conversion_ns"":3487,""bounds_setup_ns"":23808,""solve_ns"":5014744,""verification_ns"":127094,""accounting_remainder_ns"":25913,""returned_within_5ms"":false,""returned_within_20ms"":true,""accepted_within_20ms"":false,""lower"":[3.8525978406223187,-2.1193110455511635,0.9466134464850604,0.45287940474959754,-0.4904750542902236,3.386805161287778],""upper"":[3.9784615467659092,-1.9934473394075725,1.0724771526286518,0.5787431108931891,-0.36461134814663193,3.5126688674313686],""seed_q"":[3.915529693694114,-2.056379192479368,1.0095452995568561,0.5158112578213934,-0.42754320121842776,3.4497370143595734],""budget_ms"":5,""taxonomy"":""internal_failure__task_reject"",""trace_instrumented"":false,""failure_kind"":""internal_nonconvergence+position_tolerance+orientation_tolerance"",""velocity_utilization"":0.0}","[{""outer"":0,""phase"":""joint"",""phase_update"":0,""status"":""MaxTime"",""iterations"":0,""native_seconds"":0.00222497,""primal_residual"":0.6253131304503946,""dual_residual"":0.5936988566717581,""build_ns"":191610,""solve_ns"":54055,""affine_tau"":-0.490280322888964,""variables"":85,""sparse_nonzeros"":1011,""updates"":3357}]"
ur5e,5547871d76b6176b3e5dd5d8f20eebc72645f4fdb4a7e415a21928fb85392f9e,trajectory_38,pink_qp,2,high_curvature,77,"[2.450420515534097,1.0354765466516107,1.291779128253633,1.4343853766209158,-2.8592467301471394,1.131248096856852]","[-0.04381326850673338,-0.014501902314038195,-0.42076445987733185]","[[0.7330040528339873,-0.5122751977543765,0.4475256197075912],[-0.4676886975406432,0.09818740396926035,0.878422743270297],[-0.49393556332955624,-0.8531901051157894,-0.1676135549734039]]","[2.4651934636929735,1.0334415477980525,1.3182176429577586,1.4769067342140672,-2.874761657804875,1.1941799499286476]",0.0015130008676266034,0.0030930768202050425,position_tolerance,666071,,solved
ur5e,f87cbb198e6aa95e16ea15160dd1d4f545d70b0d61622238ff991b3a2d27786a,trajectory_02,tar_old,2,smooth,31,"[3.910481849759496,-2.0577462929482393,1.0095134150920555,0.5213279117186802,-0.4295062873800871,3.4406091361183595]","[0.15176318819029755,-0.16972938711180202,0.7708480634486129]","[[-0.367701838339846,-0.2700049048366814,0.8898835370123621],[-0.9098309659158194,-0.09349054408575327,-0.40431068700596684],[0.19236156461773962,-0.9583093809050834,-0.21128217844184266]]",,,,non_finite_or_wrong_shape,7005796,"{""internal_ok"":false,""internal_status"":""native_no_solution"",""native_return_code"":-3,""iterations"":null,""solver_function_evaluations"":null,""native_conversion_ns"":534,""native_setup_ns"":9520,""native_solve_ns"":5009844,""native_bounds"":[0.0005773502691896257,0.0005773502691896257,0.0005773502691896257,0.00503833156733364,0.00503833156733364,0.00503833156733364],""method"":""trac_task_5ms"",""q"":[3.910481849759496,-2.0577462929482393,1.0095134150920555,0.5213279117186802,-0.4295062873800871,3.4406091361183595],""finite"":true,""accepted"":false,""joint_limit_ok"":true,""velocity_ok"":true,""verification_reasons"":[""position_tolerance"",""orientation_tolerance""],""position_error"":0.004272992078820611,""orientation_error"":0.010558198330198183,""total_latency_ns"":5201424,""conversion_ns"":3619,""bounds_setup_ns"":22917,""solve_ns"":5009844,""verification_ns"":138203,""accounting_remainder_ns"":26841,""returned_within_5ms"":false,""returned_within_20ms"":true,""accepted_within_20ms"":false,""lower"":[3.8475499966877007,-2.1206781460200346,0.9465815620202598,0.4583960586468844,-0.49243814045188294,3.3776772830465642],""upper"":[3.9734137028312912,-1.9948144398764436,1.0724452681638512,0.5842597647904759,-0.3665744343082913,3.5035409891901548],""seed_q"":[3.910481849759496,-2.0577462929482393,1.0095134150920555,0.5213279117186802,-0.4295062873800871,3.4406091361183595],""budget_ms"":5,""taxonomy"":""internal_failure__task_reject"",""trace_instrumented"":false,""failure_kind"":""internal_nonconvergence+position_tolerance+orientation_tolerance"",""velocity_utilization"":0.0}","[{""outer"":0,""status"":""MaxTime"",""iterations"":0,""native_seconds"":0.011560211,""primal_residual"":0.6701872581211604,""dual_residual"":0.38366390973878184,""build_ns"":191701,""solve_ns"":54001,""affine_tau"":-0.7850081001755596,""variables"":85,""sparse_nonzeros"":1011,""updates"":19820}]"
ur5e,5ff81edc43cf92c445ae661655f0f074229d3861bbbd0b57d14ad453615b9e25,trajectory_17,pink_qp,2,near_singular,73,"[-4.281495638922811,-3.0379994646060005,2.690243367178409,5.3425256236111185,0.0026527079272355104,-3.455325003732475]","[-0.22896134247095953,-0.05903745519610541,0.3101480360399678]","[[0.01116807877260207,-0.4138607791254421,-0.9102716789608534],[-0.033287147856287704,0.9096700378916924,-0.41399563759745106],[0.9993834298226694,0.03492388385916315,-0.0036169783064166757]]","[-4.286408762368406,-3.0264655899332826,2.681262720679826,5.4000424405474075,-0.0037224200801888934,-3.518960857953669]",0.00019537502331334766,0.0004037931034406353,internal_nonconvergence+velocity_limit,967386,,maximum iterations reached
ur5e,5547871d76b6176b3e5dd5d8f20eebc72645f4fdb4a7e415a21928fb85392f9e,trajectory_38,pink_qp,0,high_curvature,77,"[2.450420515534097,1.0354765466516107,1.291779128253633,1.4343853766209158,-2.8592467301471394,1.131248096856852]","[-0.04381326850673338,-0.014501902314038195,-0.42076445987733185]","[[0.7330040528339873,-0.5122751977543765,0.4475256197075912],[-0.4676886975406432,0.09818740396926035,0.878422743270297],[-0.49393556332955624,-0.8531901051157894,-0.1676135549734039]]","[2.4651934636929735,1.0334415477980525,1.3182176429577586,1.4769067342140672,-2.874761657804875,1.1941799499286476]",0.0015130008676266034,0.0030930768202050425,position_tolerance,687942,,solved
ur5e,bf166cd6db08076d8c85cfd7e7364d2446c3c1ec592ea82609b812c0faa204ea,trajectory_15,trac_task_5ms,2,near_singular,125,"[6.283185307179585,-5.458556823720747,1.6185741021243083,-4.665202283723999,1.4514641041196028,-5.145235242564013]","[0.006357379198625106,0.1465530850994874,-0.2632573644316416]","[[-0.694770808606833,-0.39269246843327316,-0.6025663023631427],[0.4121198881958775,-0.9039772943907654,0.11393967254371533],[-0.589449506964952,-0.1691675987349069,0.7898934119721728]]","[6.283185307179585,-5.458556823720747,1.6185741021243083,-4.665202283723999,1.4514641041196028,-5.145235242564013]",0.001885378305029294,0.0072206354835536056,internal_nonconvergence+position_tolerance,5245393,,
ur5e,bf166cd6db08076d8c85cfd7e7364d2446c3c1ec592ea82609b812c0faa204ea,trajectory_15,trac_task_5ms,0,near_singular,125,"[6.2816519066642895,-5.458343556072061,1.6179178899633349,-4.665867246607242,1.451867596866106,-5.140503572342159]","[0.006357379198625106,0.1465530850994874,-0.2632573644316416]","[[-0.694770808606833,-0.39269246843327316,-0.6025663023631427],[0.4121198881958775,-0.9039772943907654,0.11393967254371533],[-0.589449506964952,-0.1691675987349069,0.7898934119721728]]","[6.2816519066642895,-5.458343556072061,1.6179178899633349,-4.665867246607242,1.451867596866106,-5.140503572342159]",0.001946884479605929,0.005928120731781836,internal_nonconvergence+position_tolerance,5273570,,
