robot,uid,site_id,family,method,known_zero,zero_all_repeats,exact_changed_any,meaningful_changed_any,objective_max,tau_max,max_change_rad,numerical_mean_ms,reconstructed_outer_mean_ms
panda,0c2a95a498c1bf13c2df4295db29a5367cf069e157e300d36211ce1951b2bf0e,trajectory_06,smooth,tar_old,True,False,True,False,3.38807403624222e-20,0,9.383382959526898e-12,5.290491333333333,5.491465333333333
panda,125d0ba81f8f99703f34ce79c430375e614edd8d7281141ad9df7e9828fed992,trajectory_24,joint_limit_return,tar_old,True,False,True,False,1.038466794444677e-18,0,4.848632606524461e-11,5.153861666666667,5.422237666666667
panda,166f9f9c01b7bdb7e23bb78eb834aa40e45e3eac2d5c263419996286861ad9dc,trajectory_22,joint_limit_return,tar_old,True,False,True,False,2.7202058979940297e-19,0,2.102917839863494e-11,5.247184666666667,5.445470666666667
panda,16ab30a670ddc1bb59f64aa11421a7a95e2a13b391b17e7261a85fb14178c0bc,trajectory_29,joint_limit_return,tar_old,True,False,True,False,3.0729560634601693e-20,0,1.1109335673609166e-11,5.237564333333333,5.411904333333333
panda,1742dca2b4e66648ef384a591bc48af258b7ccf01a3b1f0930d212a06b1f978c,trajectory_15,near_singular,tar_old,True,False,True,False,7.316782019836394e-20,0,1.1886269746241851e-11,5.148728,5.328757
panda,380513eac133b886f7e375e39250059ba16f3133d3a5d3b8ff244470af2eb5ae,trajectory_39,high_curvature,tar_old,True,False,True,False,1.961402476228509e-19,0,1.612820987872965e-11,5.208714333333333,5.395525333333333
panda,40c3eae024871d71025c88c09b1bbffc1b50b311548d53112ed8d4118883654a,trajectory_16,near_singular,tar_old,True,False,True,False,3.7590520814810154e-20,0,8.477218926827845e-12,5.151943666666667,5.336709666666667
panda,41c501982d64297056fe7d1239938d5f0fb508b8c32ed74b2b5c72d3bf1ddba1,trajectory_28,joint_limit_return,tar_old,True,False,True,False,2.1347766359383534e-19,0,2.3634150192464176e-11,5.248083666666667,5.418984666666667
panda,49e505b5dd8506da453322d27fabacda172e9baf611dd7b1ccac4b4220f68113,trajectory_13,near_singular,tar_old,True,False,True,False,1.4713326106311812e-19,0,1.8563373060942467e-11,5.214569666666667,5.395016666666667
panda,4afc296390cd2da8318a4ba9544aebe6e73de828b20fea6cbaeedda3bf7a189f,trajectory_21,joint_limit_return,tar_old,True,False,True,False,4.3520280211897314e-20,0,1.3211876037644288e-11,5.995767333333333,6.195645333333333
panda,4e626ba28da6a8d45d22f023c3732e2d796c83a0e74df2aa41168fe26f6dccab,trajectory_14,near_singular,tar_old,True,False,True,False,6.925576130387265e-20,0,1.1306955371992444e-11,5.223892,5.475035
panda,525ed23e41917cce27c978b0c676be43016f2541aa51a8185bbab7e6ce610192,trajectory_10,near_singular,tar_old,True,False,True,False,1.1940923514267207e-19,0,1.5485945858983996e-11,5.226715,5.986046
panda,5560810f9d87891ba612f00a19811ec608860538b5dbf8f478a2cc168f4d1547,trajectory_20,joint_limit_return,tar_old,True,False,True,False,3.5565837884350117e-19,0,2.6939506181378192e-11,5.221795,5.403137
panda,62749969a81aa229bd98bbc6a77941b40960bf5ae0886a5dfe36f5eff62e5c1c,trajectory_27,joint_limit_return,tar_old,True,False,True,False,3.9920333803091546e-19,0,2.756039840789981e-11,5.174822,5.353998
panda,6b43e53a09d43b068012e38e4082dc1a83a7da4ac12d3b1a7c10621fab8498a4,trajectory_09,smooth,tar_old,True,False,True,False,4.563633842080985e-19,0,2.446423619240079e-11,5.184533666666667,5.398900666666667
panda,6f61a4f090c2631561aee85944d25bbb3ec9ae75f330ddc67dd8f755fa60ea51,trajectory_25,joint_limit_return,tar_old,True,False,True,False,1.7079775361451411e-19,0,1.8736567852783992e-11,5.175635333333333,5.429046333333333
panda,703e80ee1a10cacc408a225bf4b9b1d1a8b7cd7c18ef82408fe61c8b6b1a1fa4,trajectory_23,joint_limit_return,tar_old,True,False,True,False,1.6215530809335136e-19,0,1.8395507339619144e-11,5.133557333333333,5.339264333333333
panda,827f4c481262ed599d5a62ea92d72f83f9d2baecaa5e733c4c0018e796d573d5,trajectory_38,high_curvature,tar_old,True,False,True,False,1.8484655262503947e-19,0,2.3645141400407965e-11,5.193289333333333,5.373735333333333
panda,8ffc69b10a990e9806b11a88aa9d56ad2edaf960a5dbd463eff00cf8c0b24859,trajectory_33,high_curvature,tar_old,True,False,True,False,3.7007087964242605e-20,0,8.537809348396763e-12,5.250424333333333,5.544105333333333
panda,972b6c7f62ad2d88a1171405175e002fe4dad516aaa6300e4c090613265f4592,trajectory_05,smooth,tar_old,True,False,True,False,7.350631913116086e-19,0,3.7283898191020626e-11,5.312604666666667,5.500625666666667
panda,98b02d6a697ef616fb15325aca1f5748ceba5d966785b4f1677767ebff16420f,trajectory_02,smooth,tar_old,True,False,True,False,7.991785590029336e-19,0,4.3606673827412124e-11,5.135405333333333,5.311479333333333
panda,9a94337fb5b3319c8ba9dcce20e827630b16d9a348f1f3aa8709c5d0df3406af,trajectory_19,near_singular,tar_old,True,False,True,False,1.2679441943309623e-19,0,1.9259316363928747e-11,5.184809666666667,5.373718666666667
panda,a62f788b8607be02b7f7a70f0234d741c3a3ffbce60a66d892cb748dca4ac32c,trajectory_01,smooth,tar_old,True,False,True,False,3.364536423240048e-20,0,7.815970093361102e-12,5.236227,5.439
panda,a74d26d3694c4e4d15b8817c29ef75a4bd43cb4d8d1ebf3ae4154e26d80ab4a4,trajectory_08,smooth,tar_old,True,False,True,False,1.0637270165186476e-19,0,1.3758105765759865e-11,5.156247666666667,5.431580666666667
panda,b47f91198895baa3999a406c9c32516cd3e78dd7e42a8bccccc4cd058a03020a,trajectory_26,joint_limit_return,tar_old,False,False,False,False,,,0,2.6727093333333336,7.945750333333333
panda,b88225558b53c7528d4fc1a56455ceac395ea6a65306515006580362af026e1e,trajectory_31,high_curvature,tar_old,True,False,True,False,3.486982134315521e-20,0,7.405243085401025e-12,5.318588333333333,5.618142333333333
panda,ba9bbb877bd562764b9ad1fe612339400f4396f8e4e3ccdd742d4a4326684c27,trajectory_00,smooth,tar_old,True,False,True,False,3.358673532073521e-20,0,6.093014981445322e-12,5.519005,5.712922
panda,bb2d7133de7083285ff7ede00b959e62fc3bf5dc626bfa521b77361d0f3f759e,trajectory_34,high_curvature,tar_old,True,False,True,False,2.0417197525481402e-20,0,5.318634421769275e-12,5.383604333333333,5.662328333333333
panda,c27c85dfc1ac902402f2c27d5ecd007325d528654413acef4dab0af30af48583,trajectory_37,high_curvature,tar_old,True,False,True,False,1.1167189944996333e-20,0,5.657918578094723e-12,5.332793666666667,5.517558666666667
panda,c99e2c9b46eb1858a0dd2f525833e49b6f0b7c25001781f1b00044934372d935,trajectory_18,near_singular,tar_old,True,False,True,False,1.8903746306182046e-19,0,1.5584422641268247e-11,5.181231333333333,5.367178333333333
panda,ca9065ec04392f64d1cce7cea6e6ae7ba224495be6a41fa0902e34ddeb925465,trajectory_17,near_singular,tar_old,True,False,True,False,7.074772014913302e-20,0,1.2676582006321269e-11,5.164431,5.342088
panda,cdb906e5ffe0888b5856461ef6bee1b8809232e928fd853beb25f1903a7d798a,trajectory_07,smooth,tar_old,True,False,True,False,2.23590881262485e-20,0,6.61415366920437e-12,5.249617,5.525797
panda,d8e06950cec2579c739f7f6d3dbb3628755dfd76be5740fad3bec38b4ef94cc6,trajectory_11,near_singular,tar_old,True,False,True,False,4.7787101951366765e-20,0,1.070743493869486e-11,5.185581,5.400648
panda,e7257c22abc9d850802582540365f4bc972868280e40708e45700776b6ad2aca,trajectory_35,high_curvature,tar_old,True,False,True,False,4.340500318506965e-20,0,8.520073535578376e-12,5.427833,5.614444
panda,e928208c5cfa766679be750c366c336bdeb1caea1f8283ea513bc5392401481b,trajectory_03,smooth,tar_old,True,False,True,False,2.6474231096295263e-20,0,8.5087492607272e-12,5.278589666666667,5.470802666666667
panda,ea5503530085a4b7fba1457389f090742de31c9aa6ebe8907aa867289b032370,trajectory_12,near_singular,tar_old,True,False,True,False,3.0026471380671117e-16,0,8.153139274824639e-10,5.171181333333333,5.888390333333333
panda,ea5e2ac9bfe24625cf9368e4931dfe5a7f878c028b94ce7ca271455c05bad4e6,trajectory_04,smooth,tar_old,True,False,True,False,1.1553825686866392e-19,0,1.2572609620065123e-11,5.129503,5.447335
panda,f77f30aad07c01747cccac5f99de0454266b5b9453dc6357da97f2c8d2529cfc,trajectory_30,high_curvature,tar_old,True,False,True,False,6.832458644104405e-20,0,1.0531242544686847e-11,5.210911333333333,5.435450333333333
panda,f786741c9f59d7d552811f1959141226fb4d169d5c149b34b1fb99edb7839b2c,trajectory_32,high_curvature,tar_old,True,False,True,False,1.9197410281043122e-20,0,5.896394483784206e-12,5.281628666666667,5.486624666666667
panda,fd96ca4300b705b343cbde5bb7d97076acca0d187b1d78fc9094c6cac23b640b,trajectory_36,high_curvature,tar_old,True,False,True,False,1.5936667716612218e-19,0,1.3466394666039605e-11,5.305482,5.493174
panda,0c2a95a498c1bf13c2df4295db29a5367cf069e157e300d36211ce1951b2bf0e,trajectory_06,smooth,tar_corrected,True,True,False,False,0,0,0,3.3377286666666666,3.5387026666666666
panda,125d0ba81f8f99703f34ce79c430375e614edd8d7281141ad9df7e9828fed992,trajectory_24,joint_limit_return,tar_corrected,True,True,False,False,0,0,0,3.297759,3.566135
panda,166f9f9c01b7bdb7e23bb78eb834aa40e45e3eac2d5c263419996286861ad9dc,trajectory_22,joint_limit_return,tar_corrected,True,True,False,False,0,0,0,3.3178163333333335,3.5161023333333334
panda,16ab30a670ddc1bb59f64aa11421a7a95e2a13b391b17e7261a85fb14178c0bc,trajectory_29,joint_limit_return,tar_corrected,True,True,False,False,0,0,0,3.3018213333333333,3.4761613333333337
panda,1742dca2b4e66648ef384a591bc48af258b7ccf01a3b1f0930d212a06b1f978c,trajectory_15,near_singular,tar_corrected,True,True,False,False,0,0,0,4.772973,4.953002
panda,380513eac133b886f7e375e39250059ba16f3133d3a5d3b8ff244470af2eb5ae,trajectory_39,high_curvature,tar_corrected,True,True,False,False,0,0,0,3.330992,3.517803
panda,40c3eae024871d71025c88c09b1bbffc1b50b311548d53112ed8d4118883654a,trajectory_16,near_singular,tar_corrected,True,True,False,False,0,0,0,4.77096,4.955726
panda,41c501982d64297056fe7d1239938d5f0fb508b8c32ed74b2b5c72d3bf1ddba1,trajectory_28,joint_limit_return,tar_corrected,True,True,False,False,0,0,0,4.841265333333333,5.012166333333333
panda,49e505b5dd8506da453322d27fabacda172e9baf611dd7b1ccac4b4220f68113,trajectory_13,near_singular,tar_corrected,True,True,False,False,0,0,0,4.885503,5.06595
panda,4afc296390cd2da8318a4ba9544aebe6e73de828b20fea6cbaeedda3bf7a189f,trajectory_21,joint_limit_return,tar_corrected,True,True,False,False,0,0,0,3.2819816666666664,3.4818596666666664
panda,4e626ba28da6a8d45d22f023c3732e2d796c83a0e74df2aa41168fe26f6dccab,trajectory_14,near_singular,tar_corrected,True,True,False,False,0,0,0,6.565664333333333,6.816807333333333
panda,525ed23e41917cce27c978b0c676be43016f2541aa51a8185bbab7e6ce610192,trajectory_10,near_singular,tar_corrected,True,True,False,False,0,0,0,4.901888,5.661219
panda,5560810f9d87891ba612f00a19811ec608860538b5dbf8f478a2cc168f4d1547,trajectory_20,joint_limit_return,tar_corrected,True,True,False,False,0,0,0,3.3166596666666663,3.4980016666666667
panda,62749969a81aa229bd98bbc6a77941b40960bf5ae0886a5dfe36f5eff62e5c1c,trajectory_27,joint_limit_return,tar_corrected,True,True,False,False,0,0,0,3.369564,3.54874
panda,6b43e53a09d43b068012e38e4082dc1a83a7da4ac12d3b1a7c10621fab8498a4,trajectory_09,smooth,tar_corrected,True,True,False,False,0,0,0,3.2729423333333334,3.4873093333333336
panda,6f61a4f090c2631561aee85944d25bbb3ec9ae75f330ddc67dd8f755fa60ea51,trajectory_25,joint_limit_return,tar_corrected,True,True,False,False,0,0,0,3.383246,3.636657
panda,703e80ee1a10cacc408a225bf4b9b1d1a8b7cd7c18ef82408fe61c8b6b1a1fa4,trajectory_23,joint_limit_return,tar_corrected,True,True,False,False,0,0,0,3.2922176666666667,3.4979246666666666
panda,827f4c481262ed599d5a62ea92d72f83f9d2baecaa5e733c4c0018e796d573d5,trajectory_38,high_curvature,tar_corrected,True,True,False,False,0,0,0,4.924143,5.104589
panda,8ffc69b10a990e9806b11a88aa9d56ad2edaf960a5dbd463eff00cf8c0b24859,trajectory_33,high_curvature,tar_corrected,True,True,False,False,0,0,0,3.3250643333333336,3.6187453333333335
panda,972b6c7f62ad2d88a1171405175e002fe4dad516aaa6300e4c090613265f4592,trajectory_05,smooth,tar_corrected,True,True,False,False,0,0,0,3.3168286666666664,3.5048496666666664
panda,98b02d6a697ef616fb15325aca1f5748ceba5d966785b4f1677767ebff16420f,trajectory_02,smooth,tar_corrected,True,True,False,False,0,0,0,3.2982006666666663,3.4742746666666666
panda,9a94337fb5b3319c8ba9dcce20e827630b16d9a348f1f3aa8709c5d0df3406af,trajectory_19,near_singular,tar_corrected,True,True,False,False,0,0,0,4.838863666666667,5.027772666666667
panda,a62f788b8607be02b7f7a70f0234d741c3a3ffbce60a66d892cb748dca4ac32c,trajectory_01,smooth,tar_corrected,True,True,False,False,0,0,0,3.2902203333333335,3.4929933333333336
panda,a74d26d3694c4e4d15b8817c29ef75a4bd43cb4d8d1ebf3ae4154e26d80ab4a4,trajectory_08,smooth,tar_corrected,True,True,False,False,0,0,0,3.3893783333333336,3.6647113333333334
panda,b47f91198895baa3999a406c9c32516cd3e78dd7e42a8bccccc4cd058a03020a,trajectory_26,joint_limit_return,tar_corrected,False,False,False,False,,,0,3.0672433333333333,8.340284333333333
panda,b88225558b53c7528d4fc1a56455ceac395ea6a65306515006580362af026e1e,trajectory_31,high_curvature,tar_corrected,True,True,False,False,0,0,0,3.3024913333333337,3.6020453333333333
panda,ba9bbb877bd562764b9ad1fe612339400f4396f8e4e3ccdd742d4a4326684c27,trajectory_00,smooth,tar_corrected,True,True,False,False,0,0,0,3.5227506666666666,3.7166676666666665
panda,bb2d7133de7083285ff7ede00b959e62fc3bf5dc626bfa521b77361d0f3f759e,trajectory_34,high_curvature,tar_corrected,True,True,False,False,0,0,0,3.3362273333333334,3.6149513333333334
panda,c27c85dfc1ac902402f2c27d5ecd007325d528654413acef4dab0af30af48583,trajectory_37,high_curvature,tar_corrected,True,True,False,False,0,0,0,3.3140913333333333,3.4988563333333333
panda,c99e2c9b46eb1858a0dd2f525833e49b6f0b7c25001781f1b00044934372d935,trajectory_18,near_singular,tar_corrected,True,True,False,False,0,0,0,4.809166666666667,4.995113666666667
panda,ca9065ec04392f64d1cce7cea6e6ae7ba224495be6a41fa0902e34ddeb925465,trajectory_17,near_singular,tar_corrected,True,True,False,False,0,0,0,4.796009,4.973666
panda,cdb906e5ffe0888b5856461ef6bee1b8809232e928fd853beb25f1903a7d798a,trajectory_07,smooth,tar_corrected,True,True,False,False,0,0,0,3.350503,3.626683
panda,d8e06950cec2579c739f7f6d3dbb3628755dfd76be5740fad3bec38b4ef94cc6,trajectory_11,near_singular,tar_corrected,True,True,False,False,0,0,0,4.93905,5.154117
panda,e7257c22abc9d850802582540365f4bc972868280e40708e45700776b6ad2aca,trajectory_35,high_curvature,tar_corrected,True,True,False,False,0,0,0,3.3103063333333336,3.4969173333333337
panda,e928208c5cfa766679be750c366c336bdeb1caea1f8283ea513bc5392401481b,trajectory_03,smooth,tar_corrected,True,True,False,False,0,0,0,3.300665,3.492878
panda,ea5503530085a4b7fba1457389f090742de31c9aa6ebe8907aa867289b032370,trajectory_12,near_singular,tar_corrected,True,True,False,False,0,0,0,4.822160333333333,5.539369333333333
panda,ea5e2ac9bfe24625cf9368e4931dfe5a7f878c028b94ce7ca271455c05bad4e6,trajectory_04,smooth,tar_corrected,True,True,False,False,0,0,0,3.39139,3.709222
panda,f77f30aad07c01747cccac5f99de0454266b5b9453dc6357da97f2c8d2529cfc,trajectory_30,high_curvature,tar_corrected,True,True,False,False,0,0,0,3.3092796666666664,3.5338186666666664
panda,f786741c9f59d7d552811f1959141226fb4d169d5c149b34b1fb99edb7839b2c,trajectory_32,high_curvature,tar_corrected,True,True,False,False,0,0,0,3.2803383333333334,3.4853343333333333
panda,fd96ca4300b705b343cbde5bb7d97076acca0d187b1d78fc9094c6cac23b640b,trajectory_36,high_curvature,tar_corrected,True,True,False,False,0,0,0,3.3100346666666667,3.4977266666666664
ur5e,08551a27ac837f8ed54c41a0759eec98dbd199480066ac542298cbb032f6d99a,trajectory_22,joint_limit_return,tar_old,True,False,True,False,7.97984278229707e-20,0,1.8751222796709044e-11,4.834834666666667,5.013759666666667
ur5e,08f895e22c5162e0796964649a1fcdb582c61bccc5e4d0e8b349bbca35756523,trajectory_23,joint_limit_return,tar_old,True,False,True,True,4.6408911475687645e-10,0,1.917282944408072e-06,5.095696,7.235144
ur5e,118730753d57a2523105ec3ee6ba017c9c2775dda076f4c79f2396693e83c7a9,trajectory_35,high_curvature,tar_old,True,False,True,False,2.0313901235730992e-20,0,1.1622036666381064e-11,4.811571666666667,4.979159666666667
ur5e,13896bc6c5f688854ad405268705ab3bb2a8fec56ac1e75c8a872707a3f652f8,trajectory_08,smooth,tar_old,True,False,True,False,3.6288846051731666e-20,0,1.432898244502212e-11,4.861203666666667,5.039475666666667
ur5e,1572bafea0edc3c6cc05d2a9eabd19a06035670328035c0b780d47b54a683769,trajectory_31,high_curvature,tar_old,True,False,True,False,1.1033311482283443e-20,0,5.661915380983373e-12,4.871940666666667,5.038336666666667
ur5e,17d92c7319719a45d08d673e5023c3f00687e4f5a57bdebde3dccc6370b94c3a,trajectory_18,near_singular,tar_old,True,False,True,False,8.259303352868635e-20,0,1.667554982986985e-11,4.897930333333333,5.080929333333333
ur5e,1c73e520a3d5bd8f7e29cb08d559a6364a6bdec344a07acd40f2375a56459f79,trajectory_37,high_curvature,tar_old,True,False,True,False,5.550882317296381e-20,0,1.9963253272692327e-11,4.920815666666667,5.101341666666667
ur5e,2037257a8eb29f55e1baa50497e60c0cb87331a5da7e7a4344c8cded212a709f,trajectory_01,smooth,tar_old,True,False,True,False,3.52802224040409e-20,0,1.1618705997307188e-11,4.852735666666667,5.126580666666667
ur5e,2136e60219e4240e7b97c87a2f481c6642991ff7128b97a75454ffcee69e4a9c,trajectory_07,smooth,tar_old,True,False,True,False,6.432388592569482e-20,0,1.95547467107815e-11,4.885338333333333,5.060653333333333
ur5e,234cd2a268d2d4ebc0f1b5ca1926ee196812079496ff3e6e19f17e48a5761d2c,trajectory_26,joint_limit_return,tar_old,True,False,True,False,4.592696037709721e-20,0,1.2647660696529783e-11,4.832536666666667,5.006331666666667
ur5e,28c799f101b845f2577d1584bde9de07634bcdda61cf814be0670f4c7adce911,trajectory_21,joint_limit_return,tar_old,True,False,True,False,1.7607005513504434e-18,0,1.1798517718375479e-10,4.825607,5.002966
ur5e,382307fdf25e31f8b1ae5c14a7545e81bf0c54489223c4626934c3dbe31a195e,trajectory_30,high_curvature,tar_old,True,False,True,False,2.1141224230632866e-20,0,9.220180174907e-12,4.878159666666667,5.068716666666667
ur5e,386ce328d9e893da466d8af1dc09a15e66ae16a35efe9585b2d68e67da964fb7,trajectory_05,smooth,tar_old,True,False,True,False,2.1311528152407045e-20,0,1.0683010032153106e-11,4.844636,5.092532
ur5e,3bd332b9ef08ab00b11a865fd161af952ecc92241dd59aeac869f7688ac64b79,trajectory_36,high_curvature,tar_old,True,False,True,False,1.125823327331394e-19,0,2.6777913220144e-11,4.810697666666667,4.987365666666667
ur5e,5547871d76b6176b3e5dd5d8f20eebc72645f4fdb4a7e415a21928fb85392f9e,trajectory_38,high_curvature,tar_old,True,False,True,False,3.4972165564715576e-20,0,1.52380330575852e-11,4.880973666666667,5.049954666666667
ur5e,5de0f5ff5025c915a9ca0194e6813b77637e2059d947b69d324216690202559b,trajectory_09,smooth,tar_old,True,False,True,False,9.071586835371169e-21,0,6.201317237497506e-12,4.95119,5.118696
ur5e,5e7743615ad75a997da2a3dfac5ecbaa6539b43fd5db8ecf4d7f9cc7331b3e15,trajectory_27,joint_limit_return,tar_old,True,False,True,False,3.0763003671478455e-19,0,4.910116757628202e-11,4.859563,5.030491
ur5e,5ff81edc43cf92c445ae661655f0f074229d3861bbbd0b57d14ad453615b9e25,trajectory_17,near_singular,tar_old,True,False,True,False,2.4449795376886033e-19,0,4.097877592812438e-11,4.914066333333333,5.173476333333333
ur5e,6105bc9f0df7e8baadfc8dd255f78c7bb3ddb066573e8f4fde9c385dbe5db694,trajectory_10,near_singular,tar_old,True,False,True,False,6.226697760047081e-20,0,1.6828316518058273e-11,4.857987333333333,5.033289333333333
ur5e,68244e8dec0d66d1a48832b1992c69f7c4c907fc930b958710e9220ae46bd192,trajectory_14,near_singular,tar_old,True,False,True,False,1.4631282684891458e-20,0,7.45004058444465e-12,4.804999333333333,5.090020333333333
ur5e,816b8a675263f8ec8337dc224a3ea9971c9a8387f6953eb1fd1c846b6d1a7c4a,trajectory_29,joint_limit_return,tar_old,True,False,True,False,1.1174609725988997e-19,0,2.1603163702366146e-11,4.808913,4.9762
ur5e,929479d86d1af1569abbd00ff695f793876d0c13d1b6ef36f9f39dc04d36f80c,trajectory_13,near_singular,tar_old,True,False,True,False,2.5972421698519193e-20,0,1.1969314428483813e-11,4.804038333333333,4.979969333333333
ur5e,9a5eaa5a533abb994b7505aca361cebaf65ef495d064d694df4c023580e9cd0b,trajectory_00,smooth,tar_old,True,False,True,False,2.786935746139643e-20,0,9.665379607781688e-12,4.935158333333333,5.110613333333333
ur5e,9ab3a7e22a338adf15a7eb240986a1d682820bcf958fc25dd9058bd66c51d502,trajectory_12,near_singular,tar_old,True,False,True,False,1.185255587245168e-20,0,8.673950446791423e-12,4.839472333333333,5.018133333333333
ur5e,a079baf3b1644afc829cc82c6747ab4482a4f1778e24be557741a87f9aefa38f,trajectory_33,high_curvature,tar_old,True,False,True,False,4.937203557241636e-20,0,1.1870171512384786e-11,4.927984,5.169114
ur5e,a4d21e54d799674aa3de252efe1304776a18586a5f8d95b6f975dad09cacd372,trajectory_28,joint_limit_return,tar_old,True,False,True,False,1.386368725996902e-19,0,3.2025937457547116e-11,4.824360666666667,5.002192666666667
ur5e,a68ec605ba66c3e27686650c1fdc577d4ff40b0c237bb80f93dc329bed511c56,trajectory_39,high_curvature,tar_old,True,False,True,False,4.940875256026726e-20,0,1.5622614313315353e-11,5.082253,5.254342
ur5e,ad91c93d906d04e8aa7467228cb161965123769d55ad38469161e7830e742868,trajectory_34,high_curvature,tar_old,True,False,True,False,9.47764370594611e-20,0,1.992150888696642e-11,4.870689,5.042797
ur5e,ae12f9762615d4c9ac155883dd03d430cba862223b3fb491a4a1d1189e10a2b8,trajectory_04,smooth,tar_old,True,False,True,False,7.830476933367554e-20,0,1.9058532529925287e-11,4.907039666666667,5.072511666666667
ur5e,b0e17067aaf6e660b04f8be634d639d569df55018bfb39821596146afb9736de,trajectory_03,smooth,tar_old,True,False,True,False,9.533076026574806e-20,0,2.4864554859505006e-11,4.847166666666667,5.055876666666667
ur5e,bf166cd6db08076d8c85cfd7e7364d2446c3c1ec592ea82609b812c0faa204ea,trajectory_15,near_singular,tar_old,True,False,True,False,2.5994477521794715e-20,0,1.219779832695167e-11,4.868396,5.042563
ur5e,c0f0fa5983ead9bf72ff425c510b3208de5bd46dcc8efd876a735c868767ac8e,trajectory_20,joint_limit_return,tar_old,True,False,True,False,1.6129096608559173e-19,0,2.9023672354355767e-11,4.792046333333333,4.961141333333333
ur5e,ce26ff5e9952bacd57c54933b78db77a6ea0e1070f6563c04194dc00457f2656,trajectory_16,near_singular,tar_old,True,False,True,False,4.5648287240963364e-20,0,1.5101364603253842e-11,5.106164,5.324656
ur5e,cf0b2892659faaddd69ba9d6172f4d41b4cbbe81ea9aa1fa891f59fcc8daec21,trajectory_19,near_singular,tar_old,True,False,True,False,4.5389109145981536e-20,0,1.6643797451365572e-11,4.872080333333333,5.037149333333333
ur5e,d1ef5ab32f38a93c076857d0eea5dc9836af8df3c2111b752fe4a419473c1ff4,trajectory_24,joint_limit_return,tar_old,True,False,True,False,7.567256519385195e-20,0,1.9693580100010877e-11,4.819651,5.030846
ur5e,d30c1e5c8c16af6e606ac7829229200ccae448efeb1a9cdad8b80da506691864,trajectory_25,joint_limit_return,tar_old,True,False,True,False,1.4437043404740416e-19,0,3.0253133331825666e-11,4.832086666666667,4.994134666666667
ur5e,da8a1e7a5ca60a1e40bacf3e76f1002ab39a7b3cb6f8290450d6356089897d78,trajectory_32,high_curvature,tar_old,True,False,True,False,1.1591577915753397e-19,0,2.5404345294077757e-11,4.881769,5.043634
ur5e,e2e620aa17071c959d153796e3b230f5780cc2b167c0a2e0b4bb029087169848,trajectory_06,smooth,tar_old,True,False,True,False,1.116448978309933e-19,0,2.3838681029175746e-11,4.854803666666667,5.093447666666667
ur5e,e4188d53efbb54472d782b035a4214854136b6bb171d9aee6282590944abd39b,trajectory_11,near_singular,tar_old,True,False,True,False,1.6271081586558858e-20,0,7.615019725903949e-12,4.906573,5.08677
ur5e,f87cbb198e6aa95e16ea15160dd1d4f545d70b0d61622238ff991b3a2d27786a,trajectory_02,smooth,tar_old,True,False,True,False,3.564450484891346e-20,0,1.1269651878365039e-11,4.825337333333333,5.009554333333333
ur5e,08551a27ac837f8ed54c41a0759eec98dbd199480066ac542298cbb032f6d99a,trajectory_22,joint_limit_return,tar_corrected,True,True,False,False,0,0,0,5.782652,5.961577
ur5e,08f895e22c5162e0796964649a1fcdb582c61bccc5e4d0e8b349bbca35756523,trajectory_23,joint_limit_return,tar_corrected,True,True,False,False,0,0,0,4.577873666666667,6.717321666666667
ur5e,118730753d57a2523105ec3ee6ba017c9c2775dda076f4c79f2396693e83c7a9,trajectory_35,high_curvature,tar_corrected,True,True,False,False,0,0,0,3.1101926666666664,3.2777806666666667
ur5e,13896bc6c5f688854ad405268705ab3bb2a8fec56ac1e75c8a872707a3f652f8,trajectory_08,smooth,tar_corrected,True,True,False,False,0,0,0,3.0923503333333335,3.2706223333333333
ur5e,1572bafea0edc3c6cc05d2a9eabd19a06035670328035c0b780d47b54a683769,trajectory_31,high_curvature,tar_corrected,True,True,False,False,0,0,0,3.1179446666666664,3.2843406666666666
ur5e,17d92c7319719a45d08d673e5023c3f00687e4f5a57bdebde3dccc6370b94c3a,trajectory_18,near_singular,tar_corrected,True,True,False,False,0,0,0,4.573973,4.756972
ur5e,1c73e520a3d5bd8f7e29cb08d559a6364a6bdec344a07acd40f2375a56459f79,trajectory_37,high_curvature,tar_corrected,True,True,False,False,0,0,0,4.637043,4.817569
ur5e,2037257a8eb29f55e1baa50497e60c0cb87331a5da7e7a4344c8cded212a709f,trajectory_01,smooth,tar_corrected,True,True,False,False,0,0,0,3.086989,3.360834
ur5e,2136e60219e4240e7b97c87a2f481c6642991ff7128b97a75454ffcee69e4a9c,trajectory_07,smooth,tar_corrected,True,True,False,False,0,0,0,4.498795333333333,4.674110333333333
ur5e,234cd2a268d2d4ebc0f1b5ca1926ee196812079496ff3e6e19f17e48a5761d2c,trajectory_26,joint_limit_return,tar_corrected,True,True,False,False,0,0,0,4.447679333333333,4.6214743333333335
ur5e,28c799f101b845f2577d1584bde9de07634bcdda61cf814be0670f4c7adce911,trajectory_21,joint_limit_return,tar_corrected,True,True,False,False,0,0,0,4.473406,4.650765
ur5e,382307fdf25e31f8b1ae5c14a7545e81bf0c54489223c4626934c3dbe31a195e,trajectory_30,high_curvature,tar_corrected,True,True,False,False,0,0,0,3.1413333333333333,3.3318903333333334
ur5e,386ce328d9e893da466d8af1dc09a15e66ae16a35efe9585b2d68e67da964fb7,trajectory_05,smooth,tar_corrected,True,True,False,False,0,0,0,3.0785613333333335,3.3264573333333334
ur5e,3bd332b9ef08ab00b11a865fd161af952ecc92241dd59aeac869f7688ac64b79,trajectory_36,high_curvature,tar_corrected,True,True,False,False,0,0,0,3.13141,3.308078
ur5e,5547871d76b6176b3e5dd5d8f20eebc72645f4fdb4a7e415a21928fb85392f9e,trajectory_38,high_curvature,tar_corrected,True,True,False,False,0,0,0,3.2013566666666664,3.3703376666666665
ur5e,5de0f5ff5025c915a9ca0194e6813b77637e2059d947b69d324216690202559b,trajectory_09,smooth,tar_corrected,True,True,False,False,0,0,0,3.1051013333333333,3.2726073333333336
ur5e,5e7743615ad75a997da2a3dfac5ecbaa6539b43fd5db8ecf4d7f9cc7331b3e15,trajectory_27,joint_limit_return,tar_corrected,True,True,False,False,0,0,0,4.538287,4.709215
ur5e,5ff81edc43cf92c445ae661655f0f074229d3861bbbd0b57d14ad453615b9e25,trajectory_17,near_singular,tar_corrected,True,True,False,False,0,0,0,4.553613333333333,4.813023333333333
ur5e,6105bc9f0df7e8baadfc8dd255f78c7bb3ddb066573e8f4fde9c385dbe5db694,trajectory_10,near_singular,tar_corrected,True,True,False,False,0,0,0,4.60891,4.784212
ur5e,68244e8dec0d66d1a48832b1992c69f7c4c907fc930b958710e9220ae46bd192,trajectory_14,near_singular,tar_corrected,True,True,False,False,0,0,0,3.087398,3.372419
ur5e,816b8a675263f8ec8337dc224a3ea9971c9a8387f6953eb1fd1c846b6d1a7c4a,trajectory_29,joint_limit_return,tar_corrected,True,True,False,False,0,0,0,4.508302333333333,4.675589333333333
ur5e,929479d86d1af1569abbd00ff695f793876d0c13d1b6ef36f9f39dc04d36f80c,trajectory_13,near_singular,tar_corrected,True,True,False,False,0,0,0,4.603283,4.779214
ur5e,9a5eaa5a533abb994b7505aca361cebaf65ef495d064d694df4c023580e9cd0b,trajectory_00,smooth,tar_corrected,True,True,False,False,0,0,0,3.195862,3.371317
ur5e,9ab3a7e22a338adf15a7eb240986a1d682820bcf958fc25dd9058bd66c51d502,trajectory_12,near_singular,tar_corrected,True,True,False,False,0,0,0,4.452236666666667,4.630897666666667
ur5e,a079baf3b1644afc829cc82c6747ab4482a4f1778e24be557741a87f9aefa38f,trajectory_33,high_curvature,tar_corrected,True,True,False,False,0,0,0,3.049151,3.290281
ur5e,a4d21e54d799674aa3de252efe1304776a18586a5f8d95b6f975dad09cacd372,trajectory_28,joint_limit_return,tar_corrected,True,True,False,False,0,0,0,4.490739333333333,4.668571333333333
ur5e,a68ec605ba66c3e27686650c1fdc577d4ff40b0c237bb80f93dc329bed511c56,trajectory_39,high_curvature,tar_corrected,True,True,False,False,0,0,0,3.0916356666666664,3.2637246666666666
ur5e,ad91c93d906d04e8aa7467228cb161965123769d55ad38469161e7830e742868,trajectory_34,high_curvature,tar_corrected,True,True,False,False,0,0,0,3.0730713333333335,3.2451793333333336
ur5e,ae12f9762615d4c9ac155883dd03d430cba862223b3fb491a4a1d1189e10a2b8,trajectory_04,smooth,tar_corrected,True,True,False,False,0,0,0,3.0907343333333337,3.2562063333333335
ur5e,b0e17067aaf6e660b04f8be634d639d569df55018bfb39821596146afb9736de,trajectory_03,smooth,tar_corrected,True,True,False,False,0,0,0,4.530032666666667,4.738742666666667
ur5e,bf166cd6db08076d8c85cfd7e7364d2446c3c1ec592ea82609b812c0faa204ea,trajectory_15,near_singular,tar_corrected,True,True,False,False,0,0,0,4.567836333333333,4.742003333333333
ur5e,c0f0fa5983ead9bf72ff425c510b3208de5bd46dcc8efd876a735c868767ac8e,trajectory_20,joint_limit_return,tar_corrected,True,True,False,False,0,0,0,4.474099333333333,4.643194333333333
ur5e,ce26ff5e9952bacd57c54933b78db77a6ea0e1070f6563c04194dc00457f2656,trajectory_16,near_singular,tar_corrected,True,True,False,False,0,0,0,4.524851333333333,4.743343333333333
ur5e,cf0b2892659faaddd69ba9d6172f4d41b4cbbe81ea9aa1fa891f59fcc8daec21,trajectory_19,near_singular,tar_corrected,True,True,False,False,0,0,0,4.541255666666667,4.706324666666667
ur5e,d1ef5ab32f38a93c076857d0eea5dc9836af8df3c2111b752fe4a419473c1ff4,trajectory_24,joint_limit_return,tar_corrected,True,True,False,False,0,0,0,4.510105333333333,4.721300333333333
ur5e,d30c1e5c8c16af6e606ac7829229200ccae448efeb1a9cdad8b80da506691864,trajectory_25,joint_limit_return,tar_corrected,True,True,False,False,0,0,0,4.5664386666666665,4.728486666666667
ur5e,da8a1e7a5ca60a1e40bacf3e76f1002ab39a7b3cb6f8290450d6356089897d78,trajectory_32,high_curvature,tar_corrected,True,True,False,False,0,0,0,3.1458536666666665,3.3077186666666667
ur5e,e2e620aa17071c959d153796e3b230f5780cc2b167c0a2e0b4bb029087169848,trajectory_06,smooth,tar_corrected,True,True,False,False,0,0,0,3.0807146666666667,3.3193586666666666
ur5e,e4188d53efbb54472d782b035a4214854136b6bb171d9aee6282590944abd39b,trajectory_11,near_singular,tar_corrected,True,True,False,False,0,0,0,4.493506666666667,4.673703666666667
ur5e,f87cbb198e6aa95e16ea15160dd1d4f545d70b0d61622238ff991b3a2d27786a,trajectory_02,smooth,tar_corrected,True,True,False,False,0,0,0,3.114122,3.298339
