robot,trajectory_uid,family,group,frames,hard_complete,hard_total_latency_ns,hard_total_fev,hard_reject_count,hard_defer_count,hard_fallback_count,hard_first_failure_frame,hard_first_failure_reason,cghik_complete,cghik_total_latency_ns,cghik_total_fev,cghik_reject_count,cghik_defer_count,cghik_fallback_count,cghik_first_failure_frame,cghik_first_failure_reason,saved_latency_ns
panda,01de5a3a637f93affda2df17eae06b7304f373126b9cc83ba7eea594dd939a1f,central_joint_limit_skim_return,neither_complete,150,False,1664231940,2743,0,0,13,68,all_cascade_stages_failed,False,1726610310,2779,0,0,13,68,all_cascade_stages_failed,-62378370
panda,04e03e12cb6c469009b5aea509dc8ab47c36838eacf76f11d66a68a6d77a30ce,central_joint_limit_skim_return,neither_complete,150,False,2042003674,5588,0,0,23,63,all_cascade_stages_failed,False,2110524109,5690,0,13,23,63,all_cascade_stages_failed,-68520435
panda,07a5fde347a8563910f3b1a7f90fd60fc36db3f530c239ba14b38c50dddec4c9,slow_high_curvature_high_speed_slow,both_complete,150,True,250435488,476,0,0,0,,,True,280886317,478,0,0,0,,,-30450829
panda,0db07bd0eeb16db593f651e73ec52502e32e60c0c6d9a52c147dd3de78435c8a,central_joint_limit_skim_return,neither_complete,150,False,1892680692,5169,0,0,23,63,all_cascade_stages_failed,False,2011320614,5382,0,13,23,63,all_cascade_stages_failed,-118639922
panda,0f19ac2d639ddbf8b631bc1909c50bb79daa61d633dccbbfdb0c6bec46983647,smooth_fast_orientation_smooth,both_complete,150,True,286348017,478,0,0,1,,,True,327944634,482,0,0,1,,,-41596617
panda,11cc2a667cdf5df5ac95e93c0fe31cfa03b81a302183e7cd091eb3fafad6aa72,central_joint_limit_skim_return,both_complete,150,True,248625169,374,0,0,0,,,True,288226517,362,0,0,0,,,-39601348
panda,14c7429a9468c9ada6bdc80c80bb05c0951562748c54f97b935fcb794f7c840c,smooth_fast_orientation_smooth,neither_complete,150,False,4154440602,8900,0,0,55,88,all_cascade_stages_failed,False,1940663871,3399,38,8,17,88,all_cascade_stages_failed,2213776731
panda,155c969355c5667e8c697bbe084d07575460245029c0ea9979bebc43411985e0,central_joint_limit_skim_return,both_complete,150,True,249213321,368,0,0,0,,,True,286959278,370,0,0,0,,,-37745957
panda,15d8eb82352187ea3059a0554b59f1246b93af732ba8163392597247499a4756,central_joint_limit_skim_return,both_complete,150,True,233564469,382,0,0,0,,,True,264027337,380,0,0,0,,,-30462868
panda,168f3e36cbe3eb16db05576b82341f236436c323b8fa5c66f99066988ffbe546,central_joint_limit_skim_return,neither_complete,150,False,1882447530,5042,0,0,23,63,all_cascade_stages_failed,False,1997261506,5254,0,13,23,63,all_cascade_stages_failed,-114813976
panda,185c273b6eb235de506444e6caaf294ad01484cb00140e18b3f70e97c3edee4e,central_joint_limit_skim_return,both_complete,150,True,255553731,374,0,0,0,,,True,288056501,370,0,0,0,,,-32502770
panda,1b0cc1def9b4f78924975482a9a625824142716db7a4562015ed87d3cd63a929,slow_high_curvature_high_speed_slow,neither_complete,150,False,17409186513,26757,0,0,109,41,all_cascade_stages_failed,False,2099110558,3795,88,12,21,41,all_cascade_stages_failed,15310075955
panda,1c8f84d59c3b8bd6a7a99b6ea6bde59a03bdc6a7f7ce0ad95a7a59d087274025,regular_near_singular_regular,neither_complete,150,False,10063117433,17860,0,0,60,90,all_cascade_stages_failed,False,743477601,1075,55,2,5,90,all_cascade_stages_failed,9319639832
panda,24cea24a43dfe5843ebe872df1e2281f07c7d43476a151ccbb3e5f44ce27b9ba,regular_near_singular_regular,both_complete,150,True,230849996,354,0,0,0,,,True,261762628,354,0,0,0,,,-30912632
panda,2dd05a450d9447c19712bc3e8a88fdb266a7c0dfd1f532100a67ca6da3441321,regular_near_singular_regular,only_cghik_complete,150,False,3403594285,7597,0,0,41,54,all_cascade_stages_failed,True,289768499,438,0,0,0,,,3113825786
panda,306b35b314f474872fc5354b752db9b639af02cb0c74ed4e8d923873bd36265b,central_joint_limit_skim_return,neither_complete,150,False,2230011951,5710,0,0,23,63,all_cascade_stages_failed,False,2264651204,5770,0,13,23,63,all_cascade_stages_failed,-34639253
panda,3515a29637261278b7c6437fb31e1cbd8e8b8dae3b56036cdbe932c493014c2d,slow_high_curvature_high_speed_slow,neither_complete,150,False,7272210089,13467,0,0,79,44,all_cascade_stages_failed,False,5648400508,10967,14,32,65,44,all_cascade_stages_failed,1623809581
panda,3601fc67cf5052038d3ed513fb3672d92b6f82160c55239d6e6f4ce6a27b6aea,slow_high_curvature_high_speed_slow,neither_complete,150,False,23522670323,31959,0,0,110,40,all_cascade_stages_failed,False,14313323037,19871,39,15,71,40,all_cascade_stages_failed,9209347286
panda,366d7d596dd9a7a6f13bda46a3493637da6e7ff2e2d18cb5cc2213e7c7ae6c43,regular_near_singular_regular,both_complete,150,True,234671557,366,0,0,0,,,True,261348036,346,0,0,0,,,-26676479
panda,37ea9fe855e644f134a85f5fdfa31edcbf3e3ebba583e0bf1635c675d8a407cd,central_joint_limit_skim_return,neither_complete,150,False,2002059493,5439,0,0,23,63,all_cascade_stages_failed,False,2040303264,5480,0,13,23,63,all_cascade_stages_failed,-38243771
panda,3d8ffe951796bf77b8c01261f8c3ac20c12884d33b237ac93e1566e2d39e4a12,regular_near_singular_regular,both_complete,150,True,237814452,398,0,0,0,,,True,258178686,342,0,0,0,,,-20364234
panda,3e069a6601eab2f1c194e2ffe760cc5ff74fd6a85ef988c9c314a4d810c4863f,slow_high_curvature_high_speed_slow,neither_complete,150,False,20809844943,28907,0,0,103,50,all_cascade_stages_failed,False,6635678635,9784,60,36,43,50,all_cascade_stages_failed,14174166308
panda,3e9e9fb367d4ba0121b1e8899d81bd2a03c436df4b03e86a6b33c84f9045db3a,central_joint_limit_skim_return,both_complete,150,True,232994035,376,0,0,0,,,True,262298932,378,0,0,0,,,-29304897
panda,46011c8c30e03118735e459f39026eb835b473efb90f73175049a85eb08490a6,smooth_fast_orientation_smooth,both_complete,150,True,246260982,440,0,0,0,,,True,277701428,440,0,0,0,,,-31440446
panda,50d1b2a52de31b11125bb9c67eb112bf0d0206f1750173584eb05e4af69d3921,smooth_fast_orientation_smooth,both_complete,150,True,261963442,428,0,0,0,,,True,295014275,440,0,0,0,,,-33050833
panda,544eeca8e038547972080dfdc537335e2c85994ae948b35a1c679f7b7979771b,regular_near_singular_regular,neither_complete,150,False,6416989366,14175,0,0,61,89,all_cascade_stages_failed,False,1066623727,1663,53,3,8,89,all_cascade_stages_failed,5350365639
panda,5d2e1c069f231273d706677a33932bd7d02cdfdde89ac2e584236b5e56d8aa1b,regular_near_singular_regular,neither_complete,150,False,8050389801,9691,0,0,23,63,all_cascade_stages_failed,False,8138852821,9668,0,0,23,63,all_cascade_stages_failed,-88463020
panda,5dc527062f490951dde39d56bb3878c9af21b3b2e2eefc5f632360c89d2bffa0,slow_high_curvature_high_speed_slow,neither_complete,150,False,14860295067,23855,0,0,106,44,all_cascade_stages_failed,False,10614723815,17037,25,19,81,45,all_cascade_stages_failed,4245571252
panda,5f59426d613436e198261b86fb69e94f7ab021e9f3339eb5c907391bd0d5875e,slow_high_curvature_high_speed_slow,neither_complete,150,False,9341643479,18625,0,0,104,48,all_cascade_stages_failed,False,3454166902,6276,68,19,36,48,all_cascade_stages_failed,5887476577
panda,5f676e5a1212cddec7e46b691e415aa07af6497378a6cee6e0f0ce78b8ca8254,regular_near_singular_regular,both_complete,150,True,258713831,378,0,0,0,,,True,280604593,350,0,0,0,,,-21890762
panda,62844ad52dd2ae6eb836c551b50d5311368a3367b949508f15dbea513b6a545a,slow_high_curvature_high_speed_slow,neither_complete,150,False,15011440330,23768,0,0,106,44,all_cascade_stages_failed,False,9478133155,14853,43,51,63,44,all_cascade_stages_failed,5533307175
panda,634f1eb6ecb451c69fb65c7755caf0a9e24435a53abb1adde5bd8b8b3b23b59d,slow_high_curvature_high_speed_slow,neither_complete,150,False,10538822438,17408,0,0,85,65,all_cascade_stages_failed,False,2726655975,4844,60,23,25,65,all_cascade_stages_failed,7812166463
panda,69a0ac329e376c3524db7219af47a874be6ce628f9102ac8f96b9599aa93a721,slow_high_curvature_high_speed_slow,neither_complete,150,False,8615365946,17971,0,0,105,45,all_cascade_stages_failed,False,4453621728,8489,60,38,45,45,all_cascade_stages_failed,4161744218
panda,69a24bbf4d0e07f2687e8eac08e774a78e0553a93d56f523fa9c66b0e4eee108,smooth_fast_orientation_smooth,both_complete,150,True,256569095,440,0,0,0,,,True,287819110,446,0,0,0,,,-31250015
panda,6b25e9d7c0f303cde20595717aaa5d4d903b582400b09c4aeaad2d56fe704d34,slow_high_curvature_high_speed_slow,neither_complete,150,False,11801916676,21317,0,0,103,48,all_cascade_stages_failed,False,4059007308,5668,80,15,23,48,all_cascade_stages_failed,7742909368
panda,707a2f5143d42c2d3ce8840cd491699893617a5ec9ecb03e210180c291c3fedc,central_joint_limit_skim_return,both_complete,150,True,261346258,368,0,0,0,,,True,297035207,380,0,0,0,,,-35688949
panda,757ea66c5b723017e186e1f84e47a632c04669d669f6ce23eb803afbc88fea65,smooth_fast_orientation_smooth,neither_complete,150,False,5003841432,10354,0,0,67,84,all_cascade_stages_failed,False,5063936253,10431,0,9,67,84,all_cascade_stages_failed,-60094821
panda,7c1825b1ad4a6ba7327d1491ddef7a9ae1de0e2ec6f907f88580bfa1ac9598de,slow_high_curvature_high_speed_slow,neither_complete,150,False,36822736356,42775,0,0,105,45,all_cascade_stages_failed,False,20287641002,23470,48,28,57,45,all_cascade_stages_failed,16535095354
panda,7decddd54cd433a536a6cce2b1191d454f322d347c5c0c6d4b9036f2e26bd0b0,regular_near_singular_regular,both_complete,150,True,231834852,372,0,0,0,,,True,258083966,342,0,0,0,,,-26249114
panda,85fc21d2a9583bfad2c8b0915ed9e5b91acdcb123ce47d80f269b2979d2956f6,slow_high_curvature_high_speed_slow,neither_complete,150,False,10319970498,19008,0,0,109,41,all_cascade_stages_failed,False,5152204935,9659,54,32,55,41,all_cascade_stages_failed,5167765563
panda,86f578cdf50bc675ad41e1791dca277b021bd75028b62da7acca1981b6ab04bf,central_joint_limit_skim_return,both_complete,150,True,239332061,406,0,0,0,,,True,263420768,378,0,0,0,,,-24088707
panda,889cac02e7ff297013e792520ac1ee1e4e9d04190fe1610dc38fade57e955adb,regular_near_singular_regular,neither_complete,150,False,4795898858,6544,0,0,23,63,all_cascade_stages_failed,False,4849169784,6588,0,0,23,63,all_cascade_stages_failed,-53270926
panda,895fd97fe7f9a46ed63c5c76290570ea253b1033192b4f593821711befb09626,regular_near_singular_regular,neither_complete,150,False,7753128397,16010,0,0,60,90,all_cascade_stages_failed,False,919875856,1480,54,3,7,89,all_cascade_stages_failed,6833252541
panda,89909d5fb6290b56dd48e29f31747018bf4a5b8b2f0398f4b928ee7392971907,regular_near_singular_regular,both_complete,150,True,228567656,338,0,0,0,,,True,259763606,346,0,0,0,,,-31195950
panda,8c2ace93e4467d4c84bc6888b72d1fc39bc33511f01a9f435295c2bed80cf5c6,smooth_fast_orientation_smooth,both_complete,150,True,258543072,436,0,0,0,,,True,294535437,448,0,0,0,,,-35992365
panda,8cfc1b0222a7918c80b9d845cd6eb2f0ca823895afe39ebd32595bdfdadb9f5f,regular_near_singular_regular,both_complete,150,True,237625829,398,0,0,0,,,True,260150421,358,0,0,0,,,-22524592
panda,956f42c9db82ddc2f49190619eb1c2030d15abd7fb3bad6be0451300b21ce307,central_joint_limit_skim_return,both_complete,150,True,265780512,372,0,0,0,,,True,295280062,366,0,0,0,,,-29499550
panda,9660b4cff2e30153fec7134fb7d2109854999c0ba6be337c744972960711c9b5,smooth_fast_orientation_smooth,both_complete,150,True,246031134,438,0,0,0,,,True,274110129,432,0,0,0,,,-28078995
panda,a091b65783ee2cebf6a448786f9ce611db9140df6cc62066864f923a8e887d09,smooth_fast_orientation_smooth,both_complete,150,True,246864894,448,0,0,0,,,True,276175807,448,0,0,0,,,-29310913
panda,a475b5a44fc90ffa22142c98b799d655567f79f44c0899aa2bf8ac799d0df123,regular_near_singular_regular,both_complete,150,True,231932956,368,0,0,0,,,True,257986749,348,0,0,0,,,-26053793
panda,a4af1d5e086481cbee929c068e9208ffbfd2690500b80029f915db9c20cbc32b,central_joint_limit_skim_return,both_complete,150,True,236004874,368,0,0,0,,,True,267805561,378,0,0,0,,,-31800687
panda,a5385987a10084550c7a1801b42d769f6f5e724cc859b8d63b12ee0319be919f,smooth_fast_orientation_smooth,both_complete,150,True,268146297,448,0,0,0,,,True,299836171,448,0,0,0,,,-31689874
panda,a62ea32b8d7e9bc570b1992cce51d7bf1c4d2aa435513fecc09a997f8f05eedb,smooth_fast_orientation_smooth,neither_complete,150,False,7911446004,14837,0,0,83,67,all_cascade_stages_failed,False,1731274004,2723,70,7,13,67,all_cascade_stages_failed,6180172000
panda,aa505275e5e9c9017a3ddde007bef4848e449fc3bd1d0ef5c5128226e76872ba,smooth_fast_orientation_smooth,both_complete,150,True,245941692,448,0,0,0,,,True,276001361,448,0,0,0,,,-30059669
panda,b28caf6d01afadb5212e6fd783ac3d62b338084019676ab393b16cabcf1dcf9d,central_joint_limit_skim_return,both_complete,150,True,233661711,374,0,0,0,,,True,266837042,370,0,0,0,,,-33175331
panda,b4ff62f03f10973002b2114d0becb2843957aedbcd7e5a2fb20d64ae97b23f3e,slow_high_curvature_high_speed_slow,neither_complete,150,False,17641353240,25778,0,0,106,44,all_cascade_stages_failed,False,17424681349,25529,5,71,101,44,all_cascade_stages_failed,216671891
panda,b6dd124d0fb6660d53608788a645bd8cb0375985197e52c442be862016e2a054,slow_high_curvature_high_speed_slow,neither_complete,150,False,25502419979,32150,0,0,98,50,all_cascade_stages_failed,False,7763596725,9535,74,15,27,49,all_cascade_stages_failed,17738823254
panda,b88bba659a1648a85ecd2633699f986a26963497abcd588999131f975065f753,slow_high_curvature_high_speed_slow,neither_complete,150,False,18083754295,26127,0,0,104,46,all_cascade_stages_failed,False,10410989366,14041,56,36,48,46,all_cascade_stages_failed,7672764929
panda,bffdc48c827d89c0d49c5b1e74abdaa79f39eee6d8150a880bac286e438b99d2,slow_high_curvature_high_speed_slow,neither_complete,150,False,35614985416,42299,0,0,110,40,all_cascade_stages_failed,False,25602353845,30337,32,31,78,40,all_cascade_stages_failed,10012631571
panda,c087ea21702168a411cd7333ccbecb2680e88f668e29a3bc0668f3f10d683c89,smooth_fast_orientation_smooth,both_complete,150,True,255311622,448,0,0,0,,,True,291084375,448,0,0,0,,,-35772753
panda,c109e3de90b2dca7b246bc744673aef829b0b9d1c52c4c37535bb397dd2c9ba3,regular_near_singular_regular,both_complete,150,True,241732106,406,0,0,0,,,True,262578683,366,0,0,0,,,-20846577
panda,c44ae970113420e1fbd1b2ef578c1c57da643bc9b900f02f5f4541e18477af19,smooth_fast_orientation_smooth,both_complete,150,True,254788430,408,0,0,0,,,True,371918982,535,0,0,1,,,-117130552
panda,c4ea6ac3a82f08525798197b66f829fabcf22836dd6929a48659f8797a361b02,regular_near_singular_regular,neither_complete,150,False,12053058959,20224,0,0,63,87,all_cascade_stages_failed,False,3344063241,6425,39,21,23,88,all_cascade_stages_failed,8708995718
panda,c63abbc5397728708d2c53779238ca0c61370ad9addc75521ab7301127678657,slow_high_curvature_high_speed_slow,neither_complete,150,False,22294734462,30398,0,0,110,40,all_cascade_stages_failed,False,18493619270,24425,27,33,83,40,all_cascade_stages_failed,3801115192
panda,cbf77896f52e0da88033c843e9258d7848db3ac6de46d39fe77ef4bdb41cfebb,smooth_fast_orientation_smooth,both_complete,150,True,247967279,448,0,0,0,,,True,276897245,448,0,0,0,,,-28929966
panda,e51230bcfefd9502ebe0a25a195d154f211a3df8fe1fd28c71abf1dc9c2aac99,smooth_fast_orientation_smooth,both_complete,150,True,361661675,448,0,0,0,,,True,406714410,448,0,0,0,,,-45052735
panda,e58673e794ac13cba09102320e3bc0bf24e5117bc6e0fb7ed9e68e95bd81238c,regular_near_singular_regular,neither_complete,150,False,9193404783,13479,0,0,37,56,all_cascade_stages_failed,False,8845147889,13379,0,31,37,56,all_cascade_stages_failed,348256894
panda,e5ec8911421d3d3586f8466390703678412a2bf374e630b8c37dac67558e8267,central_joint_limit_skim_return,both_complete,150,True,248088312,374,0,0,0,,,True,285874331,378,0,0,0,,,-37786019
panda,e741654c4c43c7e0fda85ab5747af88f3c70708e409c94c8d1fc6aff39fda2c6,smooth_fast_orientation_smooth,both_complete,150,True,245254408,448,0,0,0,,,True,276497408,448,0,0,0,,,-31243000
panda,ec34dfebe109c1ab568245f30c6e87caa29be579b0ac63a709f7e539223ffd36,regular_near_singular_regular,both_complete,150,True,367245420,518,0,0,2,,,True,285332439,330,0,0,0,,,81912981
panda,efa2148ad77b54958c3ff88c795cd82b7a63de1fee35f4da832dd4d72a198acd,central_joint_limit_skim_return,neither_complete,150,False,2512415061,6385,0,0,25,62,all_cascade_stages_failed,False,2387457664,6346,0,15,25,62,all_cascade_stages_failed,124957397
panda,f3261225edd438042ad98031385ee52b1f37b2971cb320f04d782aa51863aae3,central_joint_limit_skim_return,neither_complete,150,False,5170779209,7698,0,0,24,63,all_cascade_stages_failed,False,4615520667,7369,0,13,23,63,all_cascade_stages_failed,555258542
panda,f3a0610a0f19bbb7c151c1a21c732395a069200e1f92b09ef8f89bd4cd509c88,slow_high_curvature_high_speed_slow,neither_complete,150,False,19824461095,28552,0,0,108,42,all_cascade_stages_failed,False,12614708535,17424,48,32,60,42,all_cascade_stages_failed,7209752560
panda,f5d2196fad389445676c8c51ca821ad682fe4f42bdeb31b02ec535d3fa5b5b5f,regular_near_singular_regular,both_complete,150,True,240999877,375,0,0,1,,,True,255281245,338,0,0,0,,,-14281368
panda,f781803026cf92a8bef844052fb7b50ddb5ea70614dc86b7027930078ba3b4e6,smooth_fast_orientation_smooth,both_complete,150,True,262792052,486,0,0,1,,,True,294629828,485,0,0,1,,,-31837776
panda,f9b0c97d3e1f31da0d609e025c1f1b84c648232984526cb5226dfb594e072b1a,smooth_fast_orientation_smooth,neither_complete,150,False,14346277016,18816,0,0,61,89,all_cascade_stages_failed,False,11504791577,14863,14,9,47,89,all_cascade_stages_failed,2841485439
panda,f9ca76230bd812cbad2116999593e07625e19893aa834cdb00c2a06f44ba0bcd,slow_high_curvature_high_speed_slow,neither_complete,150,False,11017041881,19260,0,0,102,51,all_cascade_stages_failed,False,6654298693,11501,42,31,60,51,all_cascade_stages_failed,4362743188
panda,f9f3de755890befbe5e716d8cd733299abc35befef0a0c1d7814ea83eba311f6,regular_near_singular_regular,neither_complete,150,False,13054904390,21216,0,0,62,88,all_cascade_stages_failed,False,487426270,650,59,1,3,88,all_cascade_stages_failed,12567478120
panda,fa4e24af4e13aa3f515dd54f0e82976dae9e386e280cd945e5eeb2f670c06897,smooth_fast_orientation_smooth,both_complete,150,True,266556086,444,0,0,0,,,True,305833422,444,0,0,0,,,-39277336
panda,ff6b4151799c021d3c2de8d725dc8a89b4f243e3c27c7b2bd28ec300454b3055,central_joint_limit_skim_return,both_complete,150,True,234681049,374,0,0,0,,,True,266785451,386,0,0,0,,,-32104402
ur5e,039d87a70b6dc881334f3fcd9dfb26af260934d83fc7cf7022503c04236c4db5,central_joint_limit_skim_return,neither_complete,150,False,3601548712,12565,0,0,105,22,all_cascade_stages_failed,False,671812629,2085,87,8,18,22,all_cascade_stages_failed,2929736083
ur5e,046ef01cbbb0022a57af7137a085eefb092db04461f4f319effa7b41bc5ead72,smooth_fast_orientation_smooth,both_complete,150,True,233015077,448,0,0,0,,,True,262896592,448,0,0,0,,,-29881515
ur5e,061041aa50bcf09cff5af066d3469fb319d51c5fb36c81e3788db9199ada9d8c,smooth_fast_orientation_smooth,both_complete,150,True,235369578,448,0,0,0,,,True,263519630,448,0,0,0,,,-28150052
ur5e,084d06a698822e01ba90f1e1e305f67b4bd08812f1d32e08d996f0f28397da90,slow_high_curvature_high_speed_slow,both_complete,150,True,247723001,519,0,0,1,,,True,277144002,519,0,0,1,,,-29421001
ur5e,0a9df274294828aa77848b30468e0a925bce1f598523691f8366c12acb5e003b,smooth_fast_orientation_smooth,both_complete,150,True,236097616,448,0,0,0,,,True,264225647,448,0,0,0,,,-28128031
ur5e,0c201c6db8c55a3ddd529fb0279c71144ffd2b77d19491c24f94e9331067d040,slow_high_curvature_high_speed_slow,both_complete,150,True,253996893,546,0,0,2,,,True,284487230,548,0,0,2,,,-30490337
ur5e,0ca6e572665cb8593ea2170713e5ee983df5c1c5477f017f86624c68985a0d6c,central_joint_limit_skim_return,neither_complete,150,False,3009131669,11593,0,0,105,22,all_cascade_stages_failed,False,793356077,2591,83,12,22,22,all_cascade_stages_failed,2215775592
ur5e,0efa5a2d6bbe095fe14cb386c39efd3cd928b60a82c740e97dec53cdd7cee469,slow_high_curvature_high_speed_slow,neither_complete,150,False,934998628,2026,0,0,34,59,all_cascade_stages_failed,False,829273261,1797,7,14,27,59,all_cascade_stages_failed,105725367
ur5e,1680c0912644e6983447d1e7c9329fa412b9d59015f8cb196292ff5de06250b1,regular_near_singular_regular,both_complete,150,True,227592055,398,0,0,0,,,True,256121969,370,0,0,0,,,-28529914
ur5e,16c2a29e7d791412671e69732304b38a53c952d512f314ea4c93f293c8cf8e54,central_joint_limit_skim_return,neither_complete,150,False,3240377222,11873,0,0,105,22,all_cascade_stages_failed,False,887369205,2641,83,12,22,22,all_cascade_stages_failed,2353008017
ur5e,202d27311ea262a96a99c19ad25fd961409afbcf37b95a4b2dbf4c950c827ec5,central_joint_limit_skim_return,neither_complete,150,False,3148164687,11725,0,0,105,22,all_cascade_stages_failed,False,657475634,1797,89,6,16,22,all_cascade_stages_failed,2490689053
ur5e,272ff8ef3713d478a884f5e72d1b8aa39a4436ec8eba09cf7e827e8ebcb1e5b0,regular_near_singular_regular,neither_complete,150,False,2434304167,7089,0,0,49,50,all_cascade_stages_failed,False,733583501,2253,31,10,18,50,all_cascade_stages_failed,1700720666
ur5e,28d1afc1c13cc583e58f711c3719e48e374737124eca153693dd4286fef7573b,central_joint_limit_skim_return,neither_complete,150,False,3389815000,12335,0,0,105,22,all_cascade_stages_failed,False,813423466,2423,85,12,20,22,all_cascade_stages_failed,2576391534
ur5e,299b451413d8bf44542383d290fd22cc29ca92f3ff722c00d571cde43f16ff44,slow_high_curvature_high_speed_slow,neither_complete,150,False,4582847031,8984,0,0,108,42,all_cascade_stages_failed,False,4079029677,7921,17,18,91,42,all_cascade_stages_failed,503817354
ur5e,2f103e9e3bdd28f0ac9e41247ec05a0cc8b96404c386eafbcb5fdd1abc83f9d9,smooth_fast_orientation_smooth,both_complete,150,True,232443207,446,0,0,0,,,True,263850744,448,0,0,0,,,-31407537
ur5e,35b6a97812699e0b4708daaf020375484ac96e499e840719ae20d8f0ca5e44f5,regular_near_singular_regular,both_complete,150,True,222014225,378,0,0,0,,,True,246768345,354,0,0,0,,,-24754120
ur5e,3a0480f4ebc37fc123f33f81b2dcf2660486b594f32ebbd1a0d5c61c9e3d5e5d,smooth_fast_orientation_smooth,both_complete,150,True,236009371,448,0,0,0,,,True,263478791,442,0,0,0,,,-27469420
ur5e,4247584df6d0e0c996db60f92870e879732d4a11b13461e45220bb2e05dc8548,slow_high_curvature_high_speed_slow,neither_complete,150,False,2943694024,8825,0,0,79,72,all_cascade_stages_failed,False,2772973468,8108,6,6,73,72,all_cascade_stages_failed,170720556
ur5e,46c0f997f7d265b02b151f645b22b1d4bb9c90454e68e6b2226cf73c6846a3a4,regular_near_singular_regular,both_complete,150,True,219711137,360,0,0,0,,,True,247060180,352,0,0,0,,,-27349043
ur5e,4735b9e48578451118e02275966433fd4ed742a768f5b534f2553238e88c8304,central_joint_limit_skim_return,neither_complete,150,False,4223778932,14054,0,0,105,22,all_cascade_stages_failed,False,793247061,2353,85,10,20,22,all_cascade_stages_failed,3430531871
ur5e,483791bbbe7d9807310405bb731e8c301819ac633da1a3f5245ad46277dec817,regular_near_singular_regular,both_complete,150,True,221613372,368,0,0,0,,,True,248168566,360,0,0,0,,,-26555194
ur5e,4f700550dd4403298934e9f6496ac055d84d85180feed094dc5248601a771bb3,central_joint_limit_skim_return,neither_complete,150,False,3398419857,12375,0,0,105,22,all_cascade_stages_failed,False,689972772,2017,89,8,16,22,all_cascade_stages_failed,2708447085
ur5e,50fc1a368fab63a318400837a1b2dfcee22478e5a2a6600d80105f68c4c547e7,smooth_fast_orientation_smooth,both_complete,150,True,234845830,450,0,0,0,,,True,264122068,450,0,0,0,,,-29276238
ur5e,52de92845180bf114a0a0512172d590ac6c38cd894a6cf74cb01fad3237b03cd,central_joint_limit_skim_return,neither_complete,150,False,3857241332,13282,0,0,105,22,all_cascade_stages_failed,False,919035550,2545,89,8,16,22,all_cascade_stages_failed,2938205782
ur5e,59168e3022749dd200714da9ab2578665af973fb6b9ff931eba28f2c63ddcf3a,smooth_fast_orientation_smooth,both_complete,150,True,233422928,448,0,0,0,,,True,262470277,448,0,0,0,,,-29047349
ur5e,5ac583374c826fab4a66457b9da32e61f9fec487bd09d118e7eae987ddb0e574,slow_high_curvature_high_speed_slow,neither_complete,150,False,1658139828,3406,0,0,71,79,all_cascade_stages_failed,False,1512167231,3106,10,16,61,79,all_cascade_stages_failed,145972597
ur5e,5dcba759c2a0263eeb3c32656e2bae5e5d3f2134a303d5bd22c640ff6fa8272d,regular_near_singular_regular,both_complete,150,True,221920012,382,0,0,0,,,True,249525721,366,0,0,0,,,-27605709
ur5e,5eaf7a672088294f21a453e93a48060309ab2201594c6a0ed33d6e9be356ec03,smooth_fast_orientation_smooth,both_complete,150,True,234399657,448,0,0,0,,,True,263174599,448,0,0,0,,,-28774942
ur5e,5f85cfbabddfcb218d5c2bf7d00f1f9515a0c106cd10030488bdc66099835804,smooth_fast_orientation_smooth,neither_complete,150,False,2990516385,6631,0,0,80,72,all_cascade_stages_failed,False,2289039370,5045,18,22,62,72,all_cascade_stages_failed,701477015
ur5e,5fe99517e71abc3af2d61d53c59ab8bd777ec5c2f7ef1dc81b0f5cc715ec05c4,smooth_fast_orientation_smooth,both_complete,150,True,230800652,438,0,0,0,,,True,261425625,440,0,0,0,,,-30624973
ur5e,638df0c1dbb016854097e9950e46226e2a924cb4175b93880861d706355996ba,smooth_fast_orientation_smooth,both_complete,150,True,233301797,448,0,0,0,,,True,263529867,448,0,0,0,,,-30228070
ur5e,6512ac6afa36689cb154146107fa944767d5e426b1429c805c8cf5daa953955c,regular_near_singular_regular,both_complete,150,True,248993914,531,0,0,1,,,True,278384466,525,0,0,1,,,-29390552
ur5e,6880b24cef3062086dcb83df8c25106787f483d19484563bc4be11ac7620d10e,slow_high_curvature_high_speed_slow,neither_complete,150,False,2352842622,5203,0,0,98,48,all_cascade_stages_failed,False,2215925396,4889,10,11,88,48,all_cascade_stages_failed,136917226
ur5e,68ae06895fe52e90976197187fc2fd52da226617b98e079ad62f78cc1edc0202,slow_high_curvature_high_speed_slow,neither_complete,150,False,2044743177,4260,0,0,89,65,all_cascade_stages_failed,False,1658036920,3386,21,46,68,65,all_cascade_stages_failed,386706257
ur5e,6a1a518b8c630eb7bd290efc9ba86fc089548eba706a4008e9b868271d7d6c39,regular_near_singular_regular,both_complete,150,True,232159357,382,0,0,1,,,True,263879549,372,0,0,1,,,-31720192
ur5e,6b22a02c58de73874deee88c6161e6866e1d47592d3379ab472125153c4f5bcb,regular_near_singular_regular,neither_complete,150,False,2052217297,5783,0,0,62,88,all_cascade_stages_failed,False,633466623,1221,46,10,16,88,all_cascade_stages_failed,1418750674
ur5e,6b866a5fc8f6efa16bdba45de13355947916fb83775904aee2ed6bf27e29fa43,regular_near_singular_regular,both_complete,150,True,220631466,370,0,0,0,,,True,249448315,366,0,0,0,,,-28816849
ur5e,6cce649b82c22b6d836d743e5467c14d687744667840d59a1713bc2934984a64,central_joint_limit_skim_return,neither_complete,150,False,3197874199,11985,0,0,105,22,all_cascade_stages_failed,False,757769770,2419,85,12,20,22,all_cascade_stages_failed,2440104429
ur5e,74788b52a44dca9b02cdf6aa87a1a9d3789e2de135f77c806188da51cda21697,regular_near_singular_regular,both_complete,150,True,218827839,358,0,0,0,,,True,248500578,360,0,0,0,,,-29672739
ur5e,768bdd75688a70fd89a94003c2f51a5b3d4081840ce2130c47b56505d24415ec,smooth_fast_orientation_smooth,neither_complete,150,False,2595442617,7102,0,0,93,52,all_cascade_stages_failed,False,2353544233,6747,14,49,79,52,all_cascade_stages_failed,241898384
ur5e,77d2887129967833fd8046684496215fa05c0258021bf4129f0edd2418467d81,central_joint_limit_skim_return,neither_complete,150,False,3794925665,12849,0,0,105,22,all_cascade_stages_failed,False,764584054,2197,85,10,20,22,all_cascade_stages_failed,3030341611
ur5e,79b391153cc30af8f6e3e1455abbe1bf7880ed734a23a1b3f378b5160f27f24d,slow_high_curvature_high_speed_slow,both_complete,150,True,245791081,528,0,0,0,,,True,275551976,528,0,0,0,,,-29760895
ur5e,80bd9376b8e890912400625da507acf137bcaed5cdc5d93464e7f1ba63f0f4a8,slow_high_curvature_high_speed_slow,both_complete,150,True,249648482,552,0,0,0,,,True,283121904,552,0,0,0,,,-33473422
ur5e,879ba0b2277e2b970b802c78fcf48787f7c2f4250eb0f99945c7c27b69ea0839,slow_high_curvature_high_speed_slow,both_complete,150,True,250620077,552,0,0,0,,,True,280723715,552,0,0,0,,,-30103638
ur5e,8dc6b3ae30ad4a26990f3cd836b70947d179d010ca210f5a1223a28717c2cd92,regular_near_singular_regular,both_complete,150,True,224061515,394,0,0,0,,,True,253173687,386,0,0,0,,,-29112172
ur5e,8ffc12366aedaa342f4b11b08d7aa7ce5936f7be17a588fc2b07e8b6cd33ac3d,central_joint_limit_skim_return,neither_complete,150,False,3416424907,12515,0,0,105,22,all_cascade_stages_failed,False,535213237,1297,95,0,10,22,all_cascade_stages_failed,2881211670
ur5e,9068e1b70752fbf5a8afda1f93fbb4b136ddf5c1257822f6c3c47327f5aa8f74,slow_high_curvature_high_speed_slow,both_complete,150,True,250049278,542,0,0,0,,,True,280199113,544,0,0,0,,,-30149835
ur5e,9d225e763554cc32d32bbe0f458a673bbc4811d61f22a6322a90da90f6bfb567,regular_near_singular_regular,neither_complete,150,False,1871394639,5234,0,0,61,89,all_cascade_stages_failed,False,552085973,959,48,7,13,89,all_cascade_stages_failed,1319308666
ur5e,9ee54ffd84d8a6d69b5b893a25efb1c19cfca328ee258c81cb2b0c94545a5477,regular_near_singular_regular,neither_complete,150,False,2309015726,8114,0,0,62,88,all_cascade_stages_failed,False,387008508,555,55,5,7,88,all_cascade_stages_failed,1922007218
ur5e,a352e00ecf1b844d28afa427101fed12a2a09cec7517cb5dc33b536112f39c6c,regular_near_singular_regular,both_complete,150,True,249376479,540,0,0,0,,,True,274847627,526,0,0,0,,,-25471148
ur5e,a484bb870afc836dc1d10ccdb18a12b96944a63f165590234fe99ba027887e86,regular_near_singular_regular,neither_complete,150,False,1991086779,8026,0,0,63,87,all_cascade_stages_failed,False,677953245,1840,43,10,20,87,all_cascade_stages_failed,1313133534
ur5e,a8495fb5060487b33a9ebd5a0a5b585619f932c74bdcdb6b18c43d622b3aae3e,smooth_fast_orientation_smooth,neither_complete,150,False,2155715870,4200,0,0,81,70,all_cascade_stages_failed,False,2212448572,4319,0,14,81,70,all_cascade_stages_failed,-56732702
ur5e,a8a64744824b494c97965e7b66e193e361831e8bef0daaa52d4644b1e57048df,central_joint_limit_skim_return,neither_complete,150,False,3569503142,12381,0,0,105,22,all_cascade_stages_failed,False,474746298,925,95,0,10,22,all_cascade_stages_failed,3094756844
ur5e,aba20e7f0bda848f8262fcd5b41898771bda36f85cf206e4cfe610b599ced2ba,slow_high_curvature_high_speed_slow,neither_complete,150,False,1662845044,3313,0,0,77,75,all_cascade_stages_failed,False,776578280,1412,48,12,29,75,all_cascade_stages_failed,886266764
ur5e,adabae5b3787848732f9108cb29888be418a39d3871262792aedd6e0f46defa4,slow_high_curvature_high_speed_slow,neither_complete,150,False,2464719725,5223,0,0,102,50,all_cascade_stages_failed,False,1752961614,3478,33,10,69,50,all_cascade_stages_failed,711758111
ur5e,afd88dfc0d57b0a2f765c513e2ca74fdc7bed59ba6fde385e9f2848038e4f27e,slow_high_curvature_high_speed_slow,neither_complete,150,False,2583959141,5105,0,0,86,66,all_cascade_stages_failed,False,1331564983,2537,49,21,37,66,all_cascade_stages_failed,1252394158
ur5e,c52f114d08467cce63f991eb7f8a2e3bc2c44d4e7b1e963a1d25a25b30fd78dc,smooth_fast_orientation_smooth,both_complete,150,True,233067459,448,0,0,0,,,True,264424480,448,0,0,0,,,-31357021
ur5e,c89e355ec024246504f3e9b58624d040e0201ded546efe58f55be14d242a4164,regular_near_singular_regular,neither_complete,150,False,1983241972,5300,0,0,43,53,all_cascade_stages_failed,False,626021206,1587,31,6,12,53,all_cascade_stages_failed,1357220766
ur5e,c96006cedeec918cca00adfe16bf671e5adc009a56b27b6292330dcd573b73c9,slow_high_curvature_high_speed_slow,neither_complete,150,False,2441489048,6089,0,0,82,69,all_cascade_stages_failed,False,1644179837,4389,31,43,51,69,all_cascade_stages_failed,797309211
ur5e,c9dc77fd6f2bf582193ec1ecf753a6798db7cf3f8cef6c8689fa7a68baa6f1cb,smooth_fast_orientation_smooth,both_complete,150,True,233560902,448,0,0,0,,,True,263043932,448,0,0,0,,,-29483030
ur5e,caa64ed7fcf97cb1e55e5ecef1d59c66eb55f034e39114896ccba3e2ecf362b7,central_joint_limit_skim_return,neither_complete,150,False,3646527513,12473,0,0,105,22,all_cascade_stages_failed,False,691510555,1937,87,10,18,22,all_cascade_stages_failed,2955016958
ur5e,cd6cb5473101ecbd93f3aea1ed475481b95ff5088e0acffa9786aa3aadcf29af,slow_high_curvature_high_speed_slow,neither_complete,150,False,2839245287,8864,0,0,90,60,all_cascade_stages_failed,False,2618238928,8161,10,14,80,60,all_cascade_stages_failed,221006359
ur5e,cee645a0a4a215584a59ee885d8873781997a38427e435b22eda58aec2bf25e9,central_joint_limit_skim_return,neither_complete,150,False,3652458806,13045,0,0,107,21,all_cascade_stages_failed,False,795608769,2371,87,10,20,21,all_cascade_stages_failed,2856850037
ur5e,d194587ba85126c652a5c24b1d41b5f25e00927c9bd9e8fdfb542e5e9cc97fa2,regular_near_singular_regular,neither_complete,150,False,998949702,1968,0,0,26,62,all_cascade_stages_failed,False,1031686638,1960,0,0,26,62,all_cascade_stages_failed,-32736936
ur5e,d43e7b647f56e0278ce4aff3bf73c9668a7622a8bb0ee26178e10befa78eccc9,regular_near_singular_regular,neither_complete,150,False,1933792920,6277,0,0,62,88,all_cascade_stages_failed,False,528528702,926,51,6,11,88,all_cascade_stages_failed,1405264218
ur5e,d49450714afd6709adca43bb8ca365d4f12acd2ea8d97bf48df10117fc1006be,smooth_fast_orientation_smooth,neither_complete,150,False,2999598144,7743,0,0,102,48,all_cascade_stages_failed,False,2042764513,5561,41,40,61,48,all_cascade_stages_failed,956833631
ur5e,d5d33c7e3028c4f8f01a9f472ad1a2aab0d33af47cb1eddff00205c75485a964,regular_near_singular_regular,neither_complete,150,False,3168106052,10327,0,0,65,85,all_cascade_stages_failed,False,598524172,1089,56,5,9,85,all_cascade_stages_failed,2569581880
ur5e,dc0c735bde5af1da732cb69f0e805c9fcb8a031050087280e2bc13c69171c6b4,central_joint_limit_skim_return,neither_complete,150,False,3531801591,13163,0,0,107,21,all_cascade_stages_failed,False,547659770,1341,97,2,10,21,all_cascade_stages_failed,2984141821
ur5e,e1dcd88e9fd0ea8be6e55a42edfb573868c288d608803ae44030ac1096119560,slow_high_curvature_high_speed_slow,neither_complete,150,False,2578056899,7145,0,0,93,59,all_cascade_stages_failed,False,2072901490,5166,20,17,73,59,all_cascade_stages_failed,505155409
ur5e,e4f87d0794b9897d898e835427cd75e0c6f013639a8634b56596347ad5cd0323,slow_high_curvature_high_speed_slow,neither_complete,150,False,2015238438,4343,0,0,88,63,all_cascade_stages_failed,False,905246247,1590,51,5,37,63,all_cascade_stages_failed,1109992191
ur5e,e56a8ac9e866f9e375b5c4f6ecc3ef72218b0febfe1df0fa72171083f8229011,central_joint_limit_skim_return,neither_complete,150,False,3683778666,12785,0,0,105,22,all_cascade_stages_failed,False,751764868,2389,85,10,20,22,all_cascade_stages_failed,2932013798
ur5e,f00cb8c26e9b6f77e03ca905f571931397e0abc3fc70436e37428f903d50fe89,central_joint_limit_skim_return,neither_complete,150,False,3360772308,12205,0,0,105,22,all_cascade_stages_failed,False,755330388,2379,85,10,20,22,all_cascade_stages_failed,2605441920
ur5e,f00d200d7749fba6855c6a492cd837fa67e7537a426a71b260fa29e266d6b28b,smooth_fast_orientation_smooth,both_complete,150,True,231353965,440,0,0,0,,,True,259867388,436,0,0,0,,,-28513423
ur5e,f232721ba6a7e2e4c39b180e0484837e1c2e99c33fb35fe525551957b10f6d66,central_joint_limit_skim_return,neither_complete,150,False,3154652641,12165,0,0,107,21,all_cascade_stages_failed,False,792758036,2475,85,12,22,21,all_cascade_stages_failed,2361894605
ur5e,f37a2e26c2ac9409e01f5502b20d42d05763af5bc8dd44406bd3e9be8d6df7a6,slow_high_curvature_high_speed_slow,both_complete,150,True,247990573,528,0,0,0,,,True,274178064,528,0,0,0,,,-26187491
ur5e,f4ac7f948681efd3f6ad23df6a11dfae0fc63bba6936b7b846e9bea935aad56e,smooth_fast_orientation_smooth,both_complete,150,True,231176481,436,0,0,0,,,True,264020292,448,0,0,0,,,-32843811
ur5e,f6122466a05431d8d0dd5fb1ad6e9d398fa21c23f574058cf824be50b6203c4b,central_joint_limit_skim_return,neither_complete,150,False,3148997108,12186,0,0,107,21,all_cascade_stages_failed,False,781215402,2471,85,12,22,21,all_cascade_stages_failed,2367781706
ur5e,f730ffb14aa2c732f2b6eacc021c692391a598567d331e305e59a605394ff610,smooth_fast_orientation_smooth,both_complete,150,True,237350901,448,0,0,0,,,True,266487425,448,0,0,0,,,-29136524
ur5e,f98c87588825e841029c15d085ab324b8fbe94c2025fc80e0b1823bf6ab41ed5,central_joint_limit_skim_return,neither_complete,150,False,3624138309,13219,0,0,107,21,all_cascade_stages_failed,False,570339435,1527,95,4,12,21,all_cascade_stages_failed,3053798874
ur5e,fe3884fb18f22f6d4d02c61e96563f21a9c2c310b63a07cb0b998befc2a511e9,smooth_fast_orientation_smooth,both_complete,150,True,232106863,449,0,0,0,,,True,263815353,449,0,0,0,,,-31708490
