robot,method,trajectory_uid,family,frame_count,whole_trajectory_completed,cumulative_latency_ns,cumulative_latency_ms,p50_frame_latency_ms,p95_frame_latency_ms,p99_frame_latency_ms,mean_fev,learned_seed_invocation_count,learned_seed_invocation_rate,anchor_frame_count,periodic_reanchor_count,local_frame_count,robust_frame_count,longest_robust_run
panda,always_hard,384fdf4291bb88d953a38c81e0b9d554485c1bfbcd4f24c866738a615d039528,central_joint_limit_skim_return,150,True,256139677,256.139677,1.6861185,2.1203059,2.468627419999999,2.533333333333333,150,1.0,,,,,
panda,always_hard,4ba7460adc1d8a2f8f9c9bde6f55b48f490f7ce0a05847e05cd8db694d77b091,smooth_fast_orientation_smooth,150,True,272064350,272.06435,1.800637,2.2384939499999996,2.40148898,2.986666666666667,150,1.0,,,,,
panda,always_hard,dea0b18d45429372570672568199621ca941787b47387ab597adfe520ee5cdc3,regular_near_singular_regular,150,True,257837706,257.837706,1.7238605,2.196173199999999,2.522927789999998,2.546666666666667,150,1.0,,,,,
panda,always_hard,02bae2a84c6c969ce7bbdd1fe8f19951e97db9622d29781679d6791c70e3901e,slow_high_curvature_high_speed_slow,150,False,26032737001,26032.737001,210.913587,360.10862710000004,362.00592055,222.3,150,1.0,,,,,
panda,always_hard,5ec9065816c3f53f0f577cb09bec76d2fb3f5692f79981799e9bb295e0dbf34b,slow_high_curvature_high_speed_slow,150,False,22308007260,22308.00726,204.7141985,321.70350354999954,358.09705466,201.02666666666667,150,1.0,,,,,
panda,always_hard,fb6617cd2411151431ac915a92fd4c1d3791c66a0b11850682c7dd4dc72fa258,smooth_fast_orientation_smooth,150,True,259926690,259.92669,1.7331645,2.08005805,2.373159889999999,2.8266666666666667,150,1.0,,,,,
panda,always_hard,89660d7e6987a84d47ea747c85128cd7ae1ab44329bfed223f201f5c1cc00336,regular_near_singular_regular,150,False,13243655470,13243.65547,2.0962265,366.89014585,383.7085603999997,142.54666666666665,150,1.0,,,,,
panda,always_hard,dde7e903c77b268f7f1c5f819b038cf31ec73b4cc80326ebc38d8752ce904919,central_joint_limit_skim_return,150,False,3211939544,3211.939544,1.810833,131.27025614999997,222.2673537,37.92,150,1.0,,,,,
panda,always_hard,ef30d643539c282f528bff5ab80f1b66b434299972e8584ff883e1fe4ecaed65,smooth_fast_orientation_smooth,150,True,271961980,271.96198,1.784532,2.2122488,2.42269399,2.9066666666666667,150,1.0,,,,,
panda,always_hard,cebfe3638d073c3b8003f366c2cfe9bc4899d3df99821888109273d224ac9a0a,central_joint_limit_skim_return,150,False,2623458673,2623.458673,1.765056,116.37077154999912,149.35541204999998,38.28,150,1.0,,,,,
panda,always_hard,e92dd7b2ef02b6eb4fce5e95645a625ab8b06b3d2a22566c1ae0b5ef6778a6b0,regular_near_singular_regular,150,True,255487979,255.487979,1.7180965,2.03136665,2.18600004,2.4,150,1.0,,,,,
panda,always_hard,03d063ad08cc24622a37de78a5e18e6d3bcd5bd03d8c07e97e201ac9cc0ec564,slow_high_curvature_high_speed_slow,150,False,14708158743,14708.158743,73.783238,216.258149,221.41773612,149.82,150,1.0,,,,,
panda,always_hard,c7ce5895f9e508ea014336312b7451e5774c14ed405fc52a6ab6e1a5dec93188,central_joint_limit_skim_return,150,False,2710872917,2710.872917,1.7626265,95.49669634999985,189.29962397999958,40.86,150,1.0,,,,,
panda,always_hard,af0c253cf52e8fa97d8cae2ae462fce2e8b18b7b011ed353eed409309e920dad,regular_near_singular_regular,150,False,9685691838,9685.691838,1.842139,231.93016425,297.81267651,118.64,150,1.0,,,,,
panda,always_hard,0a2dfa865596bc46a849dee449f40645f3520acbdf7f93cd7884270b2d40bbe4,slow_high_curvature_high_speed_slow,150,False,7989626510,7989.62651,2.044222,267.8716842999991,330.6807529099995,72.3,150,1.0,,,,,
panda,always_hard,34b3debceaa18f21cd7e422a25fa686430efb997212493dc24b2cb7df27ecf42,smooth_fast_orientation_smooth,150,True,264763074,264.763074,1.775691,2.2584405499999995,2.40312295,2.6933333333333334,150,1.0,,,,,
panda,always_hard,db844ebed33244d68e6c5cf7bfaaaa95b62513027a5eec757f4ea2185387acff,regular_near_singular_regular,150,True,256640430,256.64043,1.6896415,2.180063799999998,2.49767479,2.4133333333333336,150,1.0,,,,,
panda,always_hard,2fdf293514a121f7ed5454fee0184438875871d452f22549978c4e279c439488,central_joint_limit_skim_return,150,True,254581597,254.581597,1.715478,2.0895723499999987,2.3771911799999996,2.44,150,1.0,,,,,
panda,always_hard,d246750104603e0199ed801393781b020791edafa1c48241e3c5229be80af678,slow_high_curvature_high_speed_slow,150,False,16848373357,16848.373357,78.0283605,223.2240531,226.20506279,159.39333333333335,150,1.0,,,,,
panda,always_hard,a9c64815f6506dda84a6858352d17c79264b6b01d212603243bcd7dc2164809e,smooth_fast_orientation_smooth,150,True,268821919,268.821919,1.786247,2.0568838,2.380013439999998,2.986666666666667,150,1.0,,,,,
panda,always_hard,c4e92b235d2aa20488e03f1246890af0f706fc3ddae584234bbc94ca4c88bc22,regular_near_singular_regular,150,False,10289835189,10289.835189,1.9024455,227.51451409999999,287.69811848999973,121.3,150,1.0,,,,,
panda,always_hard,34059ab6a58c115e35f6c3ae3e1037068a79e8941b93537e91c199cb0d672005,smooth_fast_orientation_smooth,150,True,270831072,270.831072,1.7734915,2.2090484499999996,2.35277592,2.973333333333333,150,1.0,,,,,
panda,always_hard,4c84765b8b332f0bba4878251cf234b5f85c23dd5ebdf92e11daa7bfbdb7019b,slow_high_curvature_high_speed_slow,150,False,14400663429,14400.663429,2.0215765,340.7349147499993,431.1465658899988,114.49333333333334,150,1.0,,,,,
panda,always_hard,9dd98ee5916ca3c4d7f09ee93e4cfe0cd7ff239f46f3f102024795864d243067,central_joint_limit_skim_return,150,True,261568709,261.568709,1.737808,2.31930685,2.6744919599999966,2.4133333333333336,150,1.0,,,,,
panda,always_hard,a71677b61885785fce60c84352b2b7a5b1e1034b6e5e571f421da8531eadfc62,slow_high_curvature_high_speed_slow,150,False,5268215214,5268.215214,1.82318,218.12025244999998,223.99031675999998,54.78666666666667,150,1.0,,,,,
panda,always_hard,5a9e998d266685440c601538a3dd5bbdc8810e3f95c9d0f54be626ce6dc29674,regular_near_singular_regular,150,False,27238715695,27238.715695,228.5573115,368.24163435,372.00252932999996,252.77333333333334,150,1.0,,,,,
panda,always_hard,9798f449cb328ae17c4bdfcea0f28541a17dfc8086bd8ca00e90a5807e6718e1,central_joint_limit_skim_return,150,True,263847804,263.847804,1.772905,2.1983722499999994,2.688963479999999,2.48,150,1.0,,,,,
panda,always_hard,77259c80e55bb3a598117a56d18e1fe835a6a40809e0bd3c852b876a5052c82f,smooth_fast_orientation_smooth,150,False,23024004348,23024.004348,223.1072225,330.331248,343.74921048999994,200.44,150,1.0,,,,,
panda,always_hard,885bbb2ba363ea31a64b3313db23810708cf8e684c46dc17c8ad3c3660cc1e3d,smooth_fast_orientation_smooth,150,True,279498634,279.498634,1.802331,2.3158865,2.5384895199999997,2.986666666666667,150,1.0,,,,,
panda,always_hard,e6919ea8b0132d7a9aa9ccb03374f412674d8477555a564a7aa0e81aa677dd3a,central_joint_limit_skim_return,150,False,8437655424,8437.655424,2.5061385,161.06874134999978,272.61653821,117.74666666666667,150,1.0,,,,,
panda,always_hard,1c1631d56a81bf5d4d73fbdc5ca640c63b25f6252d8a94dd783da783033b09ea,regular_near_singular_regular,150,True,251892724,251.892724,1.668142,2.047150249999999,2.2261314599999995,2.4133333333333336,150,1.0,,,,,
panda,always_hard,e1da70af53028eb936666cd649e73d6a3c1de0502ac7aa1abcae16e56f1c8f37,slow_high_curvature_high_speed_slow,150,False,35907343185,35907.343185,356.8161235,362.9061962,367.02697702999995,278.48,150,1.0,,,,,
panda,always_hard,e3404ff39c672423534145d6a3139a519140f9190db1c69b0b57370909eefe2a,central_joint_limit_skim_return,150,True,247837573,247.837573,1.6496065,1.9471759,2.685424929999997,2.453333333333333,150,1.0,,,,,
panda,always_hard,940a4b11b71c475a2c7e059f8b7f2f5630010e780fc593dee0e90bdbb28a897e,smooth_fast_orientation_smooth,150,True,263570122,263.570122,1.668642,2.152355699999999,2.5668095899999996,2.986666666666667,150,1.0,,,,,
panda,always_hard,93a4fb3754f88806063c0d1f649cd7852ca9ecbdcac8169df2497878392c415a,slow_high_curvature_high_speed_slow,150,False,9438240498,9438.240498,62.128045,211.52665009999998,217.62437817999998,119.05333333333333,150,1.0,,,,,
panda,always_hard,fe5637148f2476c6a60c726efa6c697cf47f48a359f533ea3d4c07fdb1c526d1,regular_near_singular_regular,150,True,271275693,271.275693,1.970769,2.1728153,2.4615496399999985,3.5533333333333332,150,1.0,,,,,
panda,always_hard,0865291368da6b0639999962a5fe1053d9eea35d77dda1d1310ef4d8d9772567,slow_high_curvature_high_speed_slow,150,False,10746504540,10746.50454,73.352546,219.92671819999998,232.56189406999994,129.42666666666668,150,1.0,,,,,
panda,always_hard,0e9d5d8e2a4f5a9e6c77b3f34c3d194f3e9d46f96146f28e21bcfdd6aa37a85a,central_joint_limit_skim_return,150,True,235304339,235.304339,1.6374215,1.7911440499999998,2.0262363499999982,2.4266666666666667,150,1.0,,,,,
panda,always_hard,900cb7bbe390bb0721c58bac88578e814a93f764ae0217c71f654206d00a7e67,regular_near_singular_regular,150,False,8016351391,8016.351391,1.9751475,309.8283749,337.8547237199996,72.34,150,1.0,,,,,
panda,always_hard,d73381f987ada4c427290193db482eca23c6fbeb2f8504baff9a37b8e3c87c23,smooth_fast_orientation_smooth,150,True,251371486,251.371486,1.6466315,1.8117317,2.1524276399999978,2.986666666666667,150,1.0,,,,,
panda,counterfactual_cghik_v4,384fdf4291bb88d953a38c81e0b9d554485c1bfbcd4f24c866738a615d039528,central_joint_limit_skim_return,150,True,287570026,287.570026,1.886148,2.3843679999999994,2.6693348500000003,2.52,150,1.0,,,,,
panda,counterfactual_cghik_v4,4ba7460adc1d8a2f8f9c9bde6f55b48f490f7ce0a05847e05cd8db694d77b091,smooth_fast_orientation_smooth,150,True,300206955,300.206955,1.9625515,2.3565077999999997,2.6331103199999997,2.986666666666667,150,1.0,,,,,
panda,counterfactual_cghik_v4,dea0b18d45429372570672568199621ca941787b47387ab597adfe520ee5cdc3,regular_near_singular_regular,150,True,280928997,280.928997,1.8699505,2.31715465,2.596943999999999,2.32,150,1.0,,,,,
panda,counterfactual_cghik_v4,02bae2a84c6c969ce7bbdd1fe8f19951e97db9622d29781679d6791c70e3901e,slow_high_curvature_high_speed_slow,150,False,18506190330,18506.19033,2.2981915,370.25394659999995,371.44368416,150.17333333333335,150,1.0,,,,,
panda,counterfactual_cghik_v4,5ec9065816c3f53f0f577cb09bec76d2fb3f5692f79981799e9bb295e0dbf34b,slow_high_curvature_high_speed_slow,150,False,12212829716,12212.829716,2.073087,329.23970854999953,368.80401938,108.28666666666666,150,1.0,,,,,
panda,counterfactual_cghik_v4,fb6617cd2411151431ac915a92fd4c1d3791c66a0b11850682c7dd4dc72fa258,smooth_fast_orientation_smooth,150,True,287380190,287.38019,1.8516205,2.21773725,2.46843676,2.9066666666666667,150,1.0,,,,,
panda,counterfactual_cghik_v4,89660d7e6987a84d47ea747c85128cd7ae1ab44329bfed223f201f5c1cc00336,regular_near_singular_regular,150,True,316699505,316.699505,2.17038,2.7614980499999997,3.0166877899999998,3.16,150,1.0,,,,,
panda,counterfactual_cghik_v4,dde7e903c77b268f7f1c5f819b038cf31ec73b4cc80326ebc38d8752ce904919,central_joint_limit_skim_return,150,False,3359066300,3359.0663,2.003322,137.08967404999996,227.93018361999995,39.07333333333333,150,1.0,,,,,
panda,counterfactual_cghik_v4,ef30d643539c282f528bff5ab80f1b66b434299972e8584ff883e1fe4ecaed65,smooth_fast_orientation_smooth,150,True,296425586,296.425586,1.8981,2.38211675,2.543193449999999,2.986666666666667,150,1.0,,,,,
panda,counterfactual_cghik_v4,cebfe3638d073c3b8003f366c2cfe9bc4899d3df99821888109273d224ac9a0a,central_joint_limit_skim_return,150,False,2912844149,2912.844149,1.874512,141.21334939999997,161.76513019999996,40.24666666666667,150,1.0,,,,,
panda,counterfactual_cghik_v4,e92dd7b2ef02b6eb4fce5e95645a625ab8b06b3d2a22566c1ae0b5ef6778a6b0,regular_near_singular_regular,150,True,285212014,285.212014,1.895981,2.3793927999999998,2.66737483,2.3066666666666666,150,1.0,,,,,
panda,counterfactual_cghik_v4,03d063ad08cc24622a37de78a5e18e6d3bcd5bd03d8c07e97e201ac9cc0ec564,slow_high_curvature_high_speed_slow,150,False,9803375511,9803.375511,2.0886105,223.02946429999997,231.05425257,98.32,150,1.0,,,,,
panda,counterfactual_cghik_v4,c7ce5895f9e508ea014336312b7451e5774c14ed405fc52a6ab6e1a5dec93188,central_joint_limit_skim_return,150,False,2338712360,2338.71236,1.94339,86.97815495,126.50565559999934,38.89333333333333,150,1.0,,,,,
panda,counterfactual_cghik_v4,af0c253cf52e8fa97d8cae2ae462fce2e8b18b7b011ed353eed409309e920dad,regular_near_singular_regular,150,True,336872861,336.872861,2.023694,2.6017666999999998,2.844218029999998,2.64,150,1.0,,,,,
panda,counterfactual_cghik_v4,0a2dfa865596bc46a849dee449f40645f3520acbdf7f93cd7884270b2d40bbe4,slow_high_curvature_high_speed_slow,150,False,12324155658,12324.155658,76.5118695,245.9014006499999,298.16273688,127.12,150,1.0,,,,,
panda,counterfactual_cghik_v4,34b3debceaa18f21cd7e422a25fa686430efb997212493dc24b2cb7df27ecf42,smooth_fast_orientation_smooth,150,True,299355292,299.355292,1.96257,2.4449202999999993,2.6661498499999987,2.8933333333333335,150,1.0,,,,,
panda,counterfactual_cghik_v4,db844ebed33244d68e6c5cf7bfaaaa95b62513027a5eec757f4ea2185387acff,regular_near_singular_regular,150,True,279067905,279.067905,1.8896215,2.2221182499999985,2.63539217,2.28,150,1.0,,,,,
panda,counterfactual_cghik_v4,2fdf293514a121f7ed5454fee0184438875871d452f22549978c4e279c439488,central_joint_limit_skim_return,150,True,288357760,288.35776,1.9095205,2.3522059,2.6038317899999988,2.44,150,1.0,,,,,
panda,counterfactual_cghik_v4,d246750104603e0199ed801393781b020791edafa1c48241e3c5229be80af678,slow_high_curvature_high_speed_slow,150,False,1512577961,1512.577961,2.465331,76.27268249999986,184.75979512999942,15.606666666666667,150,1.0,,,,,
panda,counterfactual_cghik_v4,a9c64815f6506dda84a6858352d17c79264b6b01d212603243bcd7dc2164809e,smooth_fast_orientation_smooth,150,True,298482272,298.482272,1.9445165,2.40805415,2.54323761,2.88,150,1.0,,,,,
panda,counterfactual_cghik_v4,c4e92b235d2aa20488e03f1246890af0f706fc3ddae584234bbc94ca4c88bc22,regular_near_singular_regular,150,False,10031710080,10031.71008,2.021794,233.94753129999998,287.8808709199996,118.94,150,1.0,,,,,
panda,counterfactual_cghik_v4,34059ab6a58c115e35f6c3ae3e1037068a79e8941b93537e91c199cb0d672005,smooth_fast_orientation_smooth,150,True,303051374,303.051374,1.9938645,2.42919635,2.6548352699999995,2.986666666666667,150,1.0,,,,,
panda,counterfactual_cghik_v4,4c84765b8b332f0bba4878251cf234b5f85c23dd5ebdf92e11daa7bfbdb7019b,slow_high_curvature_high_speed_slow,150,False,9771704381,9771.704381,2.0623865,304.454491,368.23969289999997,79.91333333333333,150,1.0,,,,,
panda,counterfactual_cghik_v4,9dd98ee5916ca3c4d7f09ee93e4cfe0cd7ff239f46f3f102024795864d243067,central_joint_limit_skim_return,150,True,291550107,291.550107,1.9345755,2.4550022499999975,3.299347769999999,2.4133333333333336,150,1.0,,,,,
panda,counterfactual_cghik_v4,a71677b61885785fce60c84352b2b7a5b1e1034b6e5e571f421da8531eadfc62,slow_high_curvature_high_speed_slow,150,False,2904254036,2904.254036,1.99868,217.27630264999996,228.41605768999997,26.84,150,1.0,,,,,
panda,counterfactual_cghik_v4,5a9e998d266685440c601538a3dd5bbdc8810e3f95c9d0f54be626ce6dc29674,regular_near_singular_regular,150,False,26008453541,26008.453541,223.500961,375.1895726,381.37886334999996,247.90666666666667,150,1.0,,,,,
panda,counterfactual_cghik_v4,9798f449cb328ae17c4bdfcea0f28541a17dfc8086bd8ca00e90a5807e6718e1,central_joint_limit_skim_return,150,True,290399576,290.399576,1.92019,2.3641885499999993,2.8250623199999962,2.493333333333333,150,1.0,,,,,
panda,counterfactual_cghik_v4,77259c80e55bb3a598117a56d18e1fe835a6a40809e0bd3c852b876a5052c82f,smooth_fast_orientation_smooth,150,False,6493668926,6493.668926,1.9677705,256.03477689999994,311.93642802999983,54.03333333333333,150,1.0,,,,,
panda,counterfactual_cghik_v4,885bbb2ba363ea31a64b3313db23810708cf8e684c46dc17c8ad3c3660cc1e3d,smooth_fast_orientation_smooth,150,True,306458982,306.458982,1.997181,2.5139723,2.9238861499999995,2.986666666666667,150,1.0,,,,,
panda,counterfactual_cghik_v4,e6919ea8b0132d7a9aa9ccb03374f412674d8477555a564a7aa0e81aa677dd3a,central_joint_limit_skim_return,150,False,2731402004,2731.402004,1.981965,89.89169474999998,102.04063759999991,40.12,150,1.0,,,,,
panda,counterfactual_cghik_v4,1c1631d56a81bf5d4d73fbdc5ca640c63b25f6252d8a94dd783da783033b09ea,regular_near_singular_regular,150,True,275858985,275.858985,1.856099,2.2558456999999996,2.46239078,2.3066666666666666,150,1.0,,,,,
panda,counterfactual_cghik_v4,e1da70af53028eb936666cd649e73d6a3c1de0502ac7aa1abcae16e56f1c8f37,slow_high_curvature_high_speed_slow,150,False,28862229711,28862.229711,231.2446385,368.3832582,369.02140938,223.32,150,1.0,,,,,
panda,counterfactual_cghik_v4,e3404ff39c672423534145d6a3139a519140f9190db1c69b0b57370909eefe2a,central_joint_limit_skim_return,150,True,275428049,275.428049,1.846748,2.0869355999999994,2.9227751299999962,2.52,150,1.0,,,,,
panda,counterfactual_cghik_v4,940a4b11b71c475a2c7e059f8b7f2f5630010e780fc593dee0e90bdbb28a897e,smooth_fast_orientation_smooth,150,True,293009218,293.009218,1.8656655,2.4150649,2.649242459999999,2.986666666666667,150,1.0,,,,,
panda,counterfactual_cghik_v4,93a4fb3754f88806063c0d1f649cd7852ca9ecbdcac8169df2497878392c415a,slow_high_curvature_high_speed_slow,150,False,2827424452,2827.424452,1.8298125,159.35453554999802,217.10022656999996,27.96,150,1.0,,,,,
panda,counterfactual_cghik_v4,fe5637148f2476c6a60c726efa6c697cf47f48a359f533ea3d4c07fdb1c526d1,regular_near_singular_regular,150,True,304805030,304.80503,2.1772455,2.505173249999998,3.0922177699999986,3.54,150,1.0,,,,,
panda,counterfactual_cghik_v4,0865291368da6b0639999962a5fe1053d9eea35d77dda1d1310ef4d8d9772567,slow_high_curvature_high_speed_slow,150,False,8418491893,8418.491893,55.686839,226.62947834999994,274.6024808899994,97.38666666666667,150,1.0,,,,,
panda,counterfactual_cghik_v4,0e9d5d8e2a4f5a9e6c77b3f34c3d194f3e9d46f96146f28e21bcfdd6aa37a85a,central_joint_limit_skim_return,150,True,264006726,264.006726,1.8307255,1.9926255999999998,2.257376929999998,2.4133333333333336,150,1.0,,,,,
panda,counterfactual_cghik_v4,900cb7bbe390bb0721c58bac88578e814a93f764ae0217c71f654206d00a7e67,regular_near_singular_regular,150,False,8308215384,8308.215384,2.1882365,316.3724356,366.30790358999997,73.64666666666666,150,1.0,,,,,
panda,counterfactual_cghik_v4,d73381f987ada4c427290193db482eca23c6fbeb2f8504baff9a37b8e3c87c23,smooth_fast_orientation_smooth,150,True,278196791,278.196791,1.8422745,1.98368645,2.07829602,2.986666666666667,150,1.0,,,,,
panda,temporal_event_cghik_v6,384fdf4291bb88d953a38c81e0b9d554485c1bfbcd4f24c866738a615d039528,central_joint_limit_skim_return,150,True,71404425,71.404425,0.54619,0.5677978,0.5798109,2.52,1,0.006666666666666667,0,0,149,1,1
panda,temporal_event_cghik_v6,4ba7460adc1d8a2f8f9c9bde6f55b48f490f7ce0a05847e05cd8db694d77b091,smooth_fast_orientation_smooth,150,True,84683681,84.683681,0.552542,0.57272625,0.9307932299999992,2.986666666666667,1,0.006666666666666667,0,0,149,1,1
panda,temporal_event_cghik_v6,dea0b18d45429372570672568199621ca941787b47387ab597adfe520ee5cdc3,regular_near_singular_regular,150,True,66960671,66.960671,0.5457125,0.56685105,0.5898441499999997,2.3333333333333335,1,0.006666666666666667,0,0,149,1,1
panda,temporal_event_cghik_v6,02bae2a84c6c969ce7bbdd1fe8f19951e97db9622d29781679d6791c70e3901e,slow_high_curvature_high_speed_slow,150,False,26074715379,26074.715379,209.9713385,361.422315,364.19039796,222.85333333333332,111,0.74,0,0,40,110,109
panda,temporal_event_cghik_v6,5ec9065816c3f53f0f577cb09bec76d2fb3f5692f79981799e9bb295e0dbf34b,slow_high_curvature_high_speed_slow,150,False,22397487832,22397.487832,196.9998605,346.9981090999996,360.84934429000003,202.27333333333334,111,0.74,0,0,40,110,109
panda,temporal_event_cghik_v6,fb6617cd2411151431ac915a92fd4c1d3791c66a0b11850682c7dd4dc72fa258,smooth_fast_orientation_smooth,150,True,81537495,81.537495,0.5456415,0.5675412,0.5790585699999999,2.9066666666666667,1,0.006666666666666667,0,0,149,1,1
panda,temporal_event_cghik_v6,89660d7e6987a84d47ea747c85128cd7ae1ab44329bfed223f201f5c1cc00336,regular_near_singular_regular,150,True,199279015,199.279015,1.68853,2.7634917,2.990952329999999,3.5866666666666664,81,0.54,0,0,69,81,40
panda,temporal_event_cghik_v6,dde7e903c77b268f7f1c5f819b038cf31ec73b4cc80326ebc38d8752ce904919,central_joint_limit_skim_return,150,False,10675787667,10675.787667,40.732897,223.68706554999997,233.37695929,140.97333333333333,83,0.5533333333333333,0,0,68,82,56
panda,temporal_event_cghik_v6,ef30d643539c282f528bff5ab80f1b66b434299972e8584ff883e1fe4ecaed65,smooth_fast_orientation_smooth,150,True,84270546,84.270546,0.5513355,0.57593335,0.7915651299999967,2.986666666666667,1,0.006666666666666667,0,0,149,1,1
panda,temporal_event_cghik_v6,cebfe3638d073c3b8003f366c2cfe9bc4899d3df99821888109273d224ac9a0a,central_joint_limit_skim_return,150,False,2960271287,2960.271287,0.5505915,152.23397434999993,212.07674366999998,42.02,26,0.17333333333333334,0,0,124,26,25
panda,temporal_event_cghik_v6,e92dd7b2ef02b6eb4fce5e95645a625ab8b06b3d2a22566c1ae0b5ef6778a6b0,regular_near_singular_regular,150,True,65597218,65.597218,0.5455205,0.5666183,0.58147387,2.2933333333333334,1,0.006666666666666667,0,0,149,1,1
panda,temporal_event_cghik_v6,03d063ad08cc24622a37de78a5e18e6d3bcd5bd03d8c07e97e201ac9cc0ec564,slow_high_curvature_high_speed_slow,150,False,14631891434,14631.891434,74.3891595,219.28553165,225.77738463,149.7,107,0.7133333333333334,0,0,44,106,105
panda,temporal_event_cghik_v6,c7ce5895f9e508ea014336312b7451e5774c14ed405fc52a6ab6e1a5dec93188,central_joint_limit_skim_return,150,False,2139018053,2139.018053,0.5492885,86.7241074,126.33702889999947,38.76,26,0.17333333333333334,0,0,124,26,25
panda,temporal_event_cghik_v6,af0c253cf52e8fa97d8cae2ae462fce2e8b18b7b011ed353eed409309e920dad,regular_near_singular_regular,150,True,100384427,100.384427,0.5445715,0.5764351999999999,2.249390489999995,2.6066666666666665,6,0.04,0,0,144,6,5
panda,temporal_event_cghik_v6,0a2dfa865596bc46a849dee449f40645f3520acbdf7f93cd7884270b2d40bbe4,slow_high_curvature_high_speed_slow,150,False,7782820234,7782.820234,0.5643905,266.59145914999914,329.1987592299995,72.66,56,0.37333333333333335,0,0,94,56,30
panda,temporal_event_cghik_v6,34b3debceaa18f21cd7e422a25fa686430efb997212493dc24b2cb7df27ecf42,smooth_fast_orientation_smooth,150,True,81587199,81.587199,0.5510495,0.572804,0.58657385,2.8933333333333335,1,0.006666666666666667,0,0,149,1,1
panda,temporal_event_cghik_v6,db844ebed33244d68e6c5cf7bfaaaa95b62513027a5eec757f4ea2185387acff,regular_near_singular_regular,150,True,64890560,64.89056,0.5445995,0.56922995,0.58674836,2.2666666666666666,1,0.006666666666666667,0,0,149,1,1
panda,temporal_event_cghik_v6,2fdf293514a121f7ed5454fee0184438875871d452f22549978c4e279c439488,central_joint_limit_skim_return,150,True,70154519,70.154519,0.545414,0.57836625,0.5928516799999999,2.44,1,0.006666666666666667,0,0,149,1,1
panda,temporal_event_cghik_v6,d246750104603e0199ed801393781b020791edafa1c48241e3c5229be80af678,slow_high_curvature_high_speed_slow,150,False,2081751543,2081.751543,0.567481,85.5219885999997,215.20659068999996,23.246666666666666,61,0.4066666666666667,0,0,89,61,35
panda,temporal_event_cghik_v6,a9c64815f6506dda84a6858352d17c79264b6b01d212603243bcd7dc2164809e,smooth_fast_orientation_smooth,150,True,81041431,81.041431,0.548559,0.5753611,0.5848425899999999,2.88,1,0.006666666666666667,0,0,149,1,1
panda,temporal_event_cghik_v6,c4e92b235d2aa20488e03f1246890af0f706fc3ddae584234bbc94ca4c88bc22,regular_near_singular_regular,150,False,9912563400,9912.5634,0.5611575,229.35604719999998,321.1239769699999,118.97333333333333,67,0.44666666666666666,0,0,84,66,60
panda,temporal_event_cghik_v6,34059ab6a58c115e35f6c3ae3e1037068a79e8941b93537e91c199cb0d672005,smooth_fast_orientation_smooth,150,True,84168618,84.168618,0.551526,0.5698675499999999,0.5900396999999998,2.986666666666667,1,0.006666666666666667,0,0,149,1,1
panda,temporal_event_cghik_v6,4c84765b8b332f0bba4878251cf234b5f85c23dd5ebdf92e11daa7bfbdb7019b,slow_high_curvature_high_speed_slow,150,False,13988547054,13988.547054,1.7559305,316.36853099999996,360.53247146999996,114.46,81,0.54,0,0,70,80,54
panda,temporal_event_cghik_v6,9dd98ee5916ca3c4d7f09ee93e4cfe0cd7ff239f46f3f102024795864d243067,central_joint_limit_skim_return,150,True,68847205,68.847205,0.546844,0.56924675,0.58584622,2.4133333333333336,1,0.006666666666666667,0,0,149,1,1
panda,temporal_event_cghik_v6,a71677b61885785fce60c84352b2b7a5b1e1034b6e5e571f421da8531eadfc62,slow_high_curvature_high_speed_slow,150,False,5148133085,5148.133085,0.5613005,217.17814955,223.09213916,54.96666666666667,56,0.37333333333333335,0,0,94,56,30
panda,temporal_event_cghik_v6,5a9e998d266685440c601538a3dd5bbdc8810e3f95c9d0f54be626ce6dc29674,regular_near_singular_regular,150,False,25687887012,25687.887012,219.9223605,366.93940764999996,374.53355084,246.06,99,0.66,0,0,52,98,97
panda,temporal_event_cghik_v6,9798f449cb328ae17c4bdfcea0f28541a17dfc8086bd8ca00e90a5807e6718e1,central_joint_limit_skim_return,150,True,71074932,71.074932,0.547521,0.5769456,0.640450589999999,2.493333333333333,1,0.006666666666666667,0,0,149,1,1
panda,temporal_event_cghik_v6,77259c80e55bb3a598117a56d18e1fe835a6a40809e0bd3c852b876a5052c82f,smooth_fast_orientation_smooth,150,False,21260963949,21260.963949,217.0143145,328.0352779,343.60907807,186.0,94,0.6266666666666667,0,0,57,93,72
panda,temporal_event_cghik_v6,885bbb2ba363ea31a64b3313db23810708cf8e684c46dc17c8ad3c3660cc1e3d,smooth_fast_orientation_smooth,150,True,84672097,84.672097,0.5512135,0.57813285,0.58889784,2.986666666666667,1,0.006666666666666667,0,0,149,1,1
panda,temporal_event_cghik_v6,e6919ea8b0132d7a9aa9ccb03374f412674d8477555a564a7aa0e81aa677dd3a,central_joint_limit_skim_return,150,False,8805250388,8805.250388,34.4293945,182.44566204999998,314.4370651199996,121.27333333333333,80,0.5333333333333333,0,0,71,79,53
panda,temporal_event_cghik_v6,1c1631d56a81bf5d4d73fbdc5ca640c63b25f6252d8a94dd783da783033b09ea,regular_near_singular_regular,150,True,65772908,65.772908,0.5429965,0.5643276500000001,0.636895229999999,2.3066666666666666,1,0.006666666666666667,0,0,149,1,1
panda,temporal_event_cghik_v6,e1da70af53028eb936666cd649e73d6a3c1de0502ac7aa1abcae16e56f1c8f37,slow_high_curvature_high_speed_slow,150,False,35897084566,35897.084566,356.5853165,360.92714075,362.84863337,280.05333333333334,111,0.74,0,0,40,110,109
panda,temporal_event_cghik_v6,e3404ff39c672423534145d6a3139a519140f9190db1c69b0b57370909eefe2a,central_joint_limit_skim_return,150,True,71071443,71.071443,0.543427,0.5649550499999999,0.5721128299999999,2.52,1,0.006666666666666667,0,0,149,1,1
panda,temporal_event_cghik_v6,940a4b11b71c475a2c7e059f8b7f2f5630010e780fc593dee0e90bdbb28a897e,smooth_fast_orientation_smooth,150,True,82954756,82.954756,0.5469685,0.56272535,0.5684577199999999,2.986666666666667,1,0.006666666666666667,0,0,149,1,1
panda,temporal_event_cghik_v6,93a4fb3754f88806063c0d1f649cd7852ca9ecbdcac8169df2497878392c415a,slow_high_curvature_high_speed_slow,150,False,9637316156,9637.316156,62.3024,212.19639914999996,216.96864456999998,120.81333333333333,111,0.74,0,0,40,110,109
panda,temporal_event_cghik_v6,fe5637148f2476c6a60c726efa6c697cf47f48a359f533ea3d4c07fdb1c526d1,regular_near_singular_regular,150,True,212200962,212.200962,1.990342,2.7049242499999986,2.9079658399999997,3.9,91,0.6066666666666667,0,0,59,91,45
panda,temporal_event_cghik_v6,0865291368da6b0639999962a5fe1053d9eea35d77dda1d1310ef4d8d9772567,slow_high_curvature_high_speed_slow,150,False,11270402993,11270.402993,72.2519775,220.5641521,262.6868014599995,133.34666666666666,109,0.7266666666666667,0,0,42,108,107
panda,temporal_event_cghik_v6,0e9d5d8e2a4f5a9e6c77b3f34c3d194f3e9d46f96146f28e21bcfdd6aa37a85a,central_joint_limit_skim_return,150,True,68713223,68.713223,0.543393,0.57080365,0.57993984,2.4133333333333336,1,0.006666666666666667,0,0,149,1,1
panda,temporal_event_cghik_v6,900cb7bbe390bb0721c58bac88578e814a93f764ae0217c71f654206d00a7e67,regular_near_singular_regular,150,False,8069924520,8069.92452,2.006052,309.5130544,359.29194394,72.85333333333334,111,0.74,0,0,39,111,110
panda,temporal_event_cghik_v6,d73381f987ada4c427290193db482eca23c6fbeb2f8504baff9a37b8e3c87c23,smooth_fast_orientation_smooth,150,True,83035229,83.035229,0.5475555,0.5664648000000001,0.57327387,2.986666666666667,1,0.006666666666666667,0,0,149,1,1
panda,anchored_temporal_cghik_v7,384fdf4291bb88d953a38c81e0b9d554485c1bfbcd4f24c866738a615d039528,central_joint_limit_skim_return,150,True,75498914,75.498914,0.5570615,0.5729815,1.6792370599999997,2.52,3,0.02,3,2,147,0,0
panda,anchored_temporal_cghik_v7,4ba7460adc1d8a2f8f9c9bde6f55b48f490f7ce0a05847e05cd8db694d77b091,smooth_fast_orientation_smooth,150,True,87953989,87.953989,0.5598655,0.58496335,1.6442579199999967,2.986666666666667,3,0.02,3,2,147,0,0
panda,anchored_temporal_cghik_v7,dea0b18d45429372570672568199621ca941787b47387ab597adfe520ee5cdc3,regular_near_singular_regular,150,True,70309630,70.30963,0.5533905,0.5773197499999999,1.5075053399999971,2.3333333333333335,3,0.02,3,2,147,0,0
panda,anchored_temporal_cghik_v7,02bae2a84c6c969ce7bbdd1fe8f19951e97db9622d29781679d6791c70e3901e,slow_high_curvature_high_speed_slow,150,False,26186698501,26186.698501,210.9603515,362.6478306,365.74983260999994,222.85333333333332,111,0.74,1,0,40,109,109
panda,anchored_temporal_cghik_v7,5ec9065816c3f53f0f577cb09bec76d2fb3f5692f79981799e9bb295e0dbf34b,slow_high_curvature_high_speed_slow,150,False,22499115541,22499.115541,198.3721445,347.45115589999955,361.88151508,202.27333333333334,111,0.74,1,0,40,109,109
panda,anchored_temporal_cghik_v7,fb6617cd2411151431ac915a92fd4c1d3791c66a0b11850682c7dd4dc72fa258,smooth_fast_orientation_smooth,150,True,84712906,84.712906,0.557222,0.56971145,1.4961185599999973,2.9066666666666667,3,0.02,3,2,147,0,0
panda,anchored_temporal_cghik_v7,89660d7e6987a84d47ea747c85128cd7ae1ab44329bfed223f201f5c1cc00336,regular_near_singular_regular,150,True,201487644,201.487644,1.7689145,2.7715417999999996,3.1233711099999995,3.5866666666666664,81,0.54,1,0,69,80,40
panda,anchored_temporal_cghik_v7,dde7e903c77b268f7f1c5f819b038cf31ec73b4cc80326ebc38d8752ce904919,central_joint_limit_skim_return,150,False,10745845558,10745.845558,39.2202285,225.62695375,229.69919586999998,141.38666666666666,84,0.56,2,1,67,81,56
panda,anchored_temporal_cghik_v7,ef30d643539c282f528bff5ab80f1b66b434299972e8584ff883e1fe4ecaed65,smooth_fast_orientation_smooth,150,True,89631704,89.631704,0.5606015,0.58748155,1.67209741,2.986666666666667,3,0.02,3,2,147,0,0
panda,anchored_temporal_cghik_v7,cebfe3638d073c3b8003f366c2cfe9bc4899d3df99821888109273d224ac9a0a,central_joint_limit_skim_return,150,False,2948635046,2948.635046,0.5581765,153.03541264999998,210.01590823999987,41.17333333333333,28,0.18666666666666668,3,2,122,25,25
panda,anchored_temporal_cghik_v7,e92dd7b2ef02b6eb4fce5e95645a625ab8b06b3d2a22566c1ae0b5ef6778a6b0,regular_near_singular_regular,150,True,69096071,69.096071,0.5539805,0.5763421999999999,1.5903886099999984,2.2933333333333334,3,0.02,3,2,147,0,0
panda,anchored_temporal_cghik_v7,03d063ad08cc24622a37de78a5e18e6d3bcd5bd03d8c07e97e201ac9cc0ec564,slow_high_curvature_high_speed_slow,150,False,14672860827,14672.860827,74.2220045,219.6912176,226.32051148999997,149.7,107,0.7133333333333334,1,0,44,105,105
panda,anchored_temporal_cghik_v7,c7ce5895f9e508ea014336312b7451e5774c14ed405fc52a6ab6e1a5dec93188,central_joint_limit_skim_return,150,False,2182566405,2182.566405,0.559181,92.32987054999985,128.0883151399995,39.02,28,0.18666666666666668,3,2,122,25,25
panda,anchored_temporal_cghik_v7,af0c253cf52e8fa97d8cae2ae462fce2e8b18b7b011ed353eed409309e920dad,regular_near_singular_regular,150,True,100546476,100.546476,0.5586055,1.0545454999999873,2.0222014499999976,2.5533333333333332,8,0.05333333333333334,3,2,142,5,5
panda,anchored_temporal_cghik_v7,0a2dfa865596bc46a849dee449f40645f3520acbdf7f93cd7884270b2d40bbe4,slow_high_curvature_high_speed_slow,150,False,7766413188,7766.413188,0.6203525,265.68805239999915,328.5816594999995,72.66,56,0.37333333333333335,1,0,94,55,30
panda,anchored_temporal_cghik_v7,34b3debceaa18f21cd7e422a25fa686430efb997212493dc24b2cb7df27ecf42,smooth_fast_orientation_smooth,150,True,84820457,84.820457,0.5589985,0.57492325,1.511531709999997,2.8933333333333335,3,0.02,3,2,147,0,0
panda,anchored_temporal_cghik_v7,db844ebed33244d68e6c5cf7bfaaaa95b62513027a5eec757f4ea2185387acff,regular_near_singular_regular,150,True,68584275,68.584275,0.5530685,0.580149,1.561133179999998,2.2666666666666666,3,0.02,3,2,147,0,0
panda,anchored_temporal_cghik_v7,2fdf293514a121f7ed5454fee0184438875871d452f22549978c4e279c439488,central_joint_limit_skim_return,150,True,72941427,72.941427,0.557342,0.5746806,1.5377136999999976,2.44,3,0.02,3,2,147,0,0
panda,anchored_temporal_cghik_v7,d246750104603e0199ed801393781b020791edafa1c48241e3c5229be80af678,slow_high_curvature_high_speed_slow,150,False,2091522117,2091.522117,0.585926,85.4618064999997,215.41337201,23.246666666666666,61,0.4066666666666667,1,0,89,60,35
panda,anchored_temporal_cghik_v7,a9c64815f6506dda84a6858352d17c79264b6b01d212603243bcd7dc2164809e,smooth_fast_orientation_smooth,150,True,84658225,84.658225,0.558851,0.58612575,1.5979907999999983,2.88,3,0.02,3,2,147,0,0
panda,anchored_temporal_cghik_v7,c4e92b235d2aa20488e03f1246890af0f706fc3ddae584234bbc94ca4c88bc22,regular_near_singular_regular,150,False,10212004251,10212.004251,0.575457,232.56661569999997,322.3282216299999,121.3,68,0.4533333333333333,2,1,83,65,60
panda,anchored_temporal_cghik_v7,34059ab6a58c115e35f6c3ae3e1037068a79e8941b93537e91c199cb0d672005,smooth_fast_orientation_smooth,150,True,87263241,87.263241,0.557991,0.57514965,1.6431531799999974,2.986666666666667,3,0.02,3,2,147,0,0
panda,anchored_temporal_cghik_v7,4c84765b8b332f0bba4878251cf234b5f85c23dd5ebdf92e11daa7bfbdb7019b,slow_high_curvature_high_speed_slow,150,False,13483058787,13483.058787,1.848802,304.9533789999999,359.13780459,114.46,81,0.54,1,0,70,79,54
panda,anchored_temporal_cghik_v7,9dd98ee5916ca3c4d7f09ee93e4cfe0cd7ff239f46f3f102024795864d243067,central_joint_limit_skim_return,150,True,72595301,72.595301,0.55804,0.5802448499999999,1.567933689999998,2.4133333333333336,3,0.02,3,2,147,0,0
panda,anchored_temporal_cghik_v7,a71677b61885785fce60c84352b2b7a5b1e1034b6e5e571f421da8531eadfc62,slow_high_curvature_high_speed_slow,150,False,5128523140,5128.52314,0.5696815,217.2048106,223.22479384999997,54.96666666666667,56,0.37333333333333335,1,0,94,55,30
panda,anchored_temporal_cghik_v7,5a9e998d266685440c601538a3dd5bbdc8810e3f95c9d0f54be626ce6dc29674,regular_near_singular_regular,150,False,25013755536,25013.755536,216.316836,367.44046230000004,368.85317009,237.27333333333334,99,0.66,2,1,52,96,56
panda,anchored_temporal_cghik_v7,9798f449cb328ae17c4bdfcea0f28541a17dfc8086bd8ca00e90a5807e6718e1,central_joint_limit_skim_return,150,True,74719611,74.719611,0.55788,0.5752655999999999,1.5392851099999971,2.493333333333333,3,0.02,3,2,147,0,0
panda,anchored_temporal_cghik_v7,77259c80e55bb3a598117a56d18e1fe835a6a40809e0bd3c852b876a5052c82f,smooth_fast_orientation_smooth,150,False,21248768584,21248.768584,219.0980275,326.69082685,342.30162437,186.41333333333333,90,0.6,2,1,61,87,72
panda,anchored_temporal_cghik_v7,885bbb2ba363ea31a64b3313db23810708cf8e684c46dc17c8ad3c3660cc1e3d,smooth_fast_orientation_smooth,150,True,87653201,87.653201,0.560257,0.5790852,1.6276917799999964,2.986666666666667,3,0.02,3,2,147,0,0
panda,anchored_temporal_cghik_v7,e6919ea8b0132d7a9aa9ccb03374f412674d8477555a564a7aa0e81aa677dd3a,central_joint_limit_skim_return,150,False,8836796005,8836.796005,32.3194445,176.78335024999998,337.44366415999986,120.18666666666667,81,0.54,2,1,70,78,53
panda,anchored_temporal_cghik_v7,1c1631d56a81bf5d4d73fbdc5ca640c63b25f6252d8a94dd783da783033b09ea,regular_near_singular_regular,150,True,69850119,69.850119,0.5550845,0.57365215,1.5989402899999983,2.3066666666666666,3,0.02,3,2,147,0,0
panda,anchored_temporal_cghik_v7,e1da70af53028eb936666cd649e73d6a3c1de0502ac7aa1abcae16e56f1c8f37,slow_high_curvature_high_speed_slow,150,False,35800915847,35800.915847,355.290679,360.63861230000003,363.62912627,280.05333333333334,111,0.74,1,0,40,109,109
panda,anchored_temporal_cghik_v7,e3404ff39c672423534145d6a3139a519140f9190db1c69b0b57370909eefe2a,central_joint_limit_skim_return,150,True,75471389,75.471389,0.555029,0.57209315,1.7679571999999981,2.52,3,0.02,3,2,147,0,0
panda,anchored_temporal_cghik_v7,940a4b11b71c475a2c7e059f8b7f2f5630010e780fc593dee0e90bdbb28a897e,smooth_fast_orientation_smooth,150,True,87008685,87.008685,0.556208,0.57365555,1.5818393499999985,2.986666666666667,3,0.02,3,2,147,0,0
panda,anchored_temporal_cghik_v7,93a4fb3754f88806063c0d1f649cd7852ca9ecbdcac8169df2497878392c415a,slow_high_curvature_high_speed_slow,150,False,9604352201,9604.352201,62.0188685,210.8427489,217.12857617999998,120.81333333333333,111,0.74,1,0,40,109,109
panda,anchored_temporal_cghik_v7,fe5637148f2476c6a60c726efa6c697cf47f48a359f533ea3d4c07fdb1c526d1,regular_near_singular_regular,150,True,213829048,213.829048,1.9975005,2.73512525,2.902093969999998,3.9,91,0.6066666666666667,1,0,59,90,45
panda,anchored_temporal_cghik_v7,0865291368da6b0639999962a5fe1053d9eea35d77dda1d1310ef4d8d9772567,slow_high_curvature_high_speed_slow,150,False,11237746509,11237.746509,71.8781425,219.7399339,265.01671223999955,133.34666666666666,109,0.7266666666666667,1,0,42,107,107
panda,anchored_temporal_cghik_v7,0e9d5d8e2a4f5a9e6c77b3f34c3d194f3e9d46f96146f28e21bcfdd6aa37a85a,central_joint_limit_skim_return,150,True,71968566,71.968566,0.552565,0.57233945,1.4868282699999968,2.4133333333333336,3,0.02,3,2,147,0,0
panda,anchored_temporal_cghik_v7,900cb7bbe390bb0721c58bac88578e814a93f764ae0217c71f654206d00a7e67,regular_near_singular_regular,150,False,8050180577,8050.180577,2.0128865,308.30012519999997,358.29400745,72.85333333333334,111,0.74,1,0,39,110,110
panda,anchored_temporal_cghik_v7,d73381f987ada4c427290193db482eca23c6fbeb2f8504baff9a37b8e3c87c23,smooth_fast_orientation_smooth,150,True,86780696,86.780696,0.556856,0.5760291999999999,1.5096351899999965,2.986666666666667,3,0.02,3,2,147,0,0
ur5e,always_hard,925e975ed18b07b52ba93cb2d56d31c1e1a9e0d5497d883f7b4f3f93e0969549,central_joint_limit_skim_return,150,False,3918507661,3918.507661,31.7508555,43.168965799999995,46.1580794,90.42,150,1.0,,,,,
ur5e,always_hard,9b4e3af9af4b230502c1ddb15339ee3ca4cb6b7c91da3bcf66d2b5e5f46f0ad0,slow_high_curvature_high_speed_slow,150,False,2726737606,2726.737606,21.9714555,32.666190549999996,70.65165592999938,45.72,150,1.0,,,,,
ur5e,always_hard,df04feaaa2ca004920a0214bf413846883471fb389fdf69804680adf2526b371,smooth_fast_orientation_smooth,150,True,239681805,239.681805,1.5453325,1.9029181499999974,2.16587353,2.986666666666667,150,1.0,,,,,
ur5e,always_hard,0741998372aa86719c511faf2690e7cf6a7ca28787858c0cd5fcca7cfb2c538f,regular_near_singular_regular,150,True,220899727,220.899727,1.53575,1.6909964999999998,1.7608217899999994,2.3866666666666667,150,1.0,,,,,
ur5e,always_hard,b0517fce16c8a85e9ed713e838e48c821e20b9df4cb97bc00bac82629a281c78,regular_near_singular_regular,150,True,225420905,225.420905,1.5351835,1.7903146499999991,2.00653084,2.533333333333333,150,1.0,,,,,
ur5e,always_hard,f528d1bc849c0e9421095184b0b9452a3c14ef6cc5c417b55e15b1f7d38304f5,smooth_fast_orientation_smooth,150,True,251934225,251.934225,1.5645065,2.2219009499999993,2.71164784,2.986666666666667,150,1.0,,,,,
ur5e,always_hard,c20ff92ca18870276a401da3f1bd9617e98f7b3aa17701e411ac0cd162110162,slow_high_curvature_high_speed_slow,150,False,920707641,920.707641,1.8345105,23.442458099999985,32.65602051,12.006666666666666,150,1.0,,,,,
ur5e,always_hard,9f1497fd94601782b9613fdc63e77b60b9e8b13d8f787c3e8ec7bc306166b53a,central_joint_limit_skim_return,150,False,4348919756,4348.919756,29.7897315,57.62207635,66.54466421999994,95.31333333333333,150,1.0,,,,,
ur5e,always_hard,49fbaebd82e899b01bc3020b9768c54c6491172b651228260c3fafb61526c74b,central_joint_limit_skim_return,150,False,3202509454,3202.509454,27.625822,34.2803428,40.51285810999999,78.27333333333333,150,1.0,,,,,
ur5e,always_hard,e525c82f11c6d65f108c204b3eb0377e6076ff738603cbdb3107936ad6da8386,regular_near_singular_regular,150,True,245710027,245.710027,1.5632675,2.190389549999999,2.3569723,2.506666666666667,150,1.0,,,,,
ur5e,always_hard,94b822405735425ca714b7ee936fba25eef67ac0f7db9f7168e6da00f32f30ce,slow_high_curvature_high_speed_slow,150,True,252771379,252.771379,1.563884,2.283716099999999,2.50758806,3.066666666666667,150,1.0,,,,,
ur5e,always_hard,a6174602d795514005c79f20ea408749127899c27241a337da08f7a1974de2cc,smooth_fast_orientation_smooth,150,True,255380854,255.380854,1.5662725,2.31362075,2.33554834,2.986666666666667,150,1.0,,,,,
ur5e,always_hard,045cf2eec474c953b74834a22d6ccdb5d7cde98e23b93525755d07977e178d6a,smooth_fast_orientation_smooth,150,False,539038697,539.038697,1.560786,20.057763949999455,39.99817028999999,6.806666666666667,150,1.0,,,,,
ur5e,always_hard,3ae8784be0a2977f184ce96d99c8e907111608fc575cd4db7bc0c8f055d498cb,regular_near_singular_regular,150,True,249356119,249.356119,1.5704845,2.32478565,2.530734229999999,2.4,150,1.0,,,,,
ur5e,always_hard,45bd28282d09010ef023e8a73b9c1aac7ed18ea798a657a11e10b6264186aeaa,slow_high_curvature_high_speed_slow,150,False,4100045040,4100.04504,30.221235,61.81534239999989,119.65123459999978,62.733333333333334,150,1.0,,,,,
ur5e,always_hard,7071796550b3124b5217a8415f303a75bc312a288d0787f436bc26152c04a289,central_joint_limit_skim_return,150,False,3620289328,3620.289328,29.008934,44.295562600000004,48.369869829999956,83.19333333333333,150,1.0,,,,,
ur5e,always_hard,42215bcab3096105990597a8e046266154a295049371e88bc383cdec12b40d27,central_joint_limit_skim_return,150,False,3975226584,3975.226584,31.1135995,47.869846949999996,51.394383149999975,89.67333333333333,150,1.0,,,,,
ur5e,always_hard,58dbe5eb2c5ed4ee97712271600dd9aeb905c2c0234e92c7eaf1e7625e8f1919,regular_near_singular_regular,150,True,237954464,237.954464,1.5423575,2.2676260999999993,2.3235889700000003,2.506666666666667,150,1.0,,,,,
ur5e,always_hard,487308ce92b2f476ae25b27eee4418686a621f69300f372f94feac7f3906f13a,slow_high_curvature_high_speed_slow,150,False,2414106306,2414.106306,4.5172905,42.50086549999999,46.16136143,32.766666666666666,150,1.0,,,,,
ur5e,always_hard,4710697654fbc64e706c2be0524a2474271e99099a5ed49b394caca972b1003b,smooth_fast_orientation_smooth,150,True,252604406,252.604406,1.576734,2.2362852499999994,2.3496095999999995,2.986666666666667,150,1.0,,,,,
ur5e,always_hard,4b12a2ea418812ac085f459f8ca5ee66060db7648c5abf32fed1fa6b15e704b8,regular_near_singular_regular,150,True,244892949,244.892949,1.5562345,2.174275049999999,2.2911533699999995,2.84,150,1.0,,,,,
ur5e,always_hard,3f4b42e3ff12f1fa456be9d301c007dd6c10a361ec366f539f22383cc0c497e1,slow_high_curvature_high_speed_slow,150,True,259190857,259.190857,1.672907,2.2143049999999995,2.5741238799999993,3.44,150,1.0,,,,,
ur5e,always_hard,618a110ac4bc3c74380b9331ad26a19b2e2e1f6e01f2b85c9f6867e5efa1fcb7,central_joint_limit_skim_return,150,False,3761379290,3761.37929,31.3565335,50.2938631,55.53207251999997,85.7,150,1.0,,,,,
ur5e,always_hard,d1b5d6ba3fde4878a03307363b7ebb4a5f5fd26e2af7ab8d221ef1e422b7736e,smooth_fast_orientation_smooth,150,True,249523332,249.523332,1.5703935,2.2264910999999996,2.3867987999999998,2.986666666666667,150,1.0,,,,,
ur5e,always_hard,50071a3508592b2196c1abc760d6dc5bb020f673715b78a69079a886e3e767e5,central_joint_limit_skim_return,150,False,3533878287,3533.878287,29.029226,40.95939205,42.85891255,82.98,150,1.0,,,,,
ur5e,always_hard,d526969a4b3eab22459a40776be64be1286cdff02e49527e30544c2272284df2,smooth_fast_orientation_smooth,150,True,269894879,269.894879,1.6443585,3.0028796499999983,3.84689104,2.986666666666667,150,1.0,,,,,
ur5e,always_hard,1336e8155269add1b16b8a63b6a25a53edbc210f0d1c9e77a8007d53d05bfb7c,regular_near_singular_regular,150,True,246692365,246.692365,1.5664185,2.0323174999999996,2.2523987399999985,2.6533333333333333,150,1.0,,,,,
ur5e,always_hard,f6b0f4274a34ef17c3d937c466feacef6d9cc8bd5ba8134d217264bea5faf32d,slow_high_curvature_high_speed_slow,150,False,4395105720,4395.10572,32.199514,71.38831174999999,93.42926315999993,56.74,150,1.0,,,,,
ur5e,always_hard,c00d3a2e20943399a5f6dadb5d7e673bb2d0592fd87aebcd796f78ebdec4f777,central_joint_limit_skim_return,150,False,3521093925,3521.093925,29.508021,41.4466005,45.099220449999976,83.12666666666667,150,1.0,,,,,
ur5e,always_hard,0903f86314a0a2427acd052e424d7d188ff6bd90c2c6475f4045128dc25db831,smooth_fast_orientation_smooth,150,True,264781725,264.781725,1.578251,2.9399730499999936,3.674285999999998,2.973333333333333,150,1.0,,,,,
ur5e,always_hard,ea7f7ae3c5fb5d4b3e5aec0768b5259b3aa8a3d131b4da95169b3f099fb7e21c,regular_near_singular_regular,150,True,286493198,286.493198,1.8519745,3.280388599999996,4.668064439999991,3.8,150,1.0,,,,,
ur5e,always_hard,18752fccb058a028ddf742f81b1f9ee32a100693bab14122d329d6d6241ded0e,slow_high_curvature_high_speed_slow,150,False,1595804822,1595.804822,2.016737,31.018134349999993,33.83577314,19.386666666666667,150,1.0,,,,,
ur5e,always_hard,467848cdb6c343c5cf13c91bf9c923bef518972d8aa47b86715e963b31451c63,slow_high_curvature_high_speed_slow,150,False,2486985261,2486.985261,20.9108945,30.050343099999974,36.50829010999995,31.126666666666665,150,1.0,,,,,
ur5e,always_hard,a0c42b590a9b8fcb6593e013f9abddc83062925296c3d4cec9cf085e443d80d1,central_joint_limit_skim_return,150,False,3893330497,3893.330497,30.97345,48.44969825,53.224476649999964,89.64666666666666,150,1.0,,,,,
ur5e,always_hard,80ae5c2b538db519953f82387842365212f5b37ac74701f257bea656ab3df527,smooth_fast_orientation_smooth,150,False,2891522977,2891.522977,26.6312925,37.16256729999999,42.38975137999997,62.49333333333333,150,1.0,,,,,
ur5e,always_hard,b30712a474e8b239b87f453526f12013abc2a70ffa5f4f7ba93637377aaa44a9,regular_near_singular_regular,150,True,254744878,254.744878,1.7109255,2.2442073999999996,2.6380963499999974,3.2,150,1.0,,,,,
ur5e,always_hard,821df8b69aadfa38f6497114a9b9250b44c63e39b15f7dda1c220aac4eb64d40,central_joint_limit_skim_return,150,False,4027498109,4027.498109,32.3216665,52.700087799999984,66.10255196,89.93333333333334,150,1.0,,,,,
ur5e,always_hard,71f1d0d81414a04f89e24572531099fd40d0981ef9c233944f6e97b0be456d09,slow_high_curvature_high_speed_slow,150,False,1786010390,1786.01039,1.9952725,27.07139854999999,34.99822281999994,23.6,150,1.0,,,,,
ur5e,always_hard,86c899c0180852b1150ab2ec76c1a60687b51e2cb094cd770f81a1649a3a8674,smooth_fast_orientation_smooth,150,True,247933133,247.933133,1.5703395,2.0304833999999996,2.2674992399999994,2.986666666666667,150,1.0,,,,,
ur5e,always_hard,ade9096618131993bc08ad080b004bdc902d8a6031dfb9c37cd07a45f922c9e2,regular_near_singular_regular,150,False,2078476434,2078.476434,1.9821975,36.089698599999984,39.68094051999998,45.43333333333333,150,1.0,,,,,
ur5e,counterfactual_cghik_v4,925e975ed18b07b52ba93cb2d56d31c1e1a9e0d5497d883f7b4f3f93e0969549,central_joint_limit_skim_return,150,False,674655725,674.655725,1.562131,43.65344279999998,47.17007311,10.4,150,1.0,,,,,
ur5e,counterfactual_cghik_v4,9b4e3af9af4b230502c1ddb15339ee3ca4cb6b7c91da3bcf66d2b5e5f46f0ad0,slow_high_curvature_high_speed_slow,150,False,1163602293,1163.602293,1.7321225,26.89157109999998,73.23418881999935,12.906666666666666,150,1.0,,,,,
ur5e,counterfactual_cghik_v4,df04feaaa2ca004920a0214bf413846883471fb389fdf69804680adf2526b371,smooth_fast_orientation_smooth,150,True,271890543,271.890543,1.7554115,2.096925849999999,2.17651013,2.986666666666667,150,1.0,,,,,
ur5e,counterfactual_cghik_v4,0741998372aa86719c511faf2690e7cf6a7ca28787858c0cd5fcca7cfb2c538f,regular_near_singular_regular,150,True,251746691,251.746691,1.7377435,1.91406445,2.169130209999999,2.32,150,1.0,,,,,
ur5e,counterfactual_cghik_v4,b0517fce16c8a85e9ed713e838e48c821e20b9df4cb97bc00bac82629a281c78,regular_near_singular_regular,150,True,255341089,255.341089,1.7344165,2.06645705,2.3928230899999985,2.4266666666666667,150,1.0,,,,,
ur5e,counterfactual_cghik_v4,f528d1bc849c0e9421095184b0b9452a3c14ef6cc5c417b55e15b1f7d38304f5,smooth_fast_orientation_smooth,150,True,285859719,285.859719,1.8207885,2.4510736499999997,2.78460772,2.986666666666667,150,1.0,,,,,
ur5e,counterfactual_cghik_v4,c20ff92ca18870276a401da3f1bd9617e98f7b3aa17701e411ac0cd162110162,slow_high_curvature_high_speed_slow,150,False,860959418,860.959418,1.9425205,24.66711064999999,33.74967526,10.96,150,1.0,,,,,
ur5e,counterfactual_cghik_v4,9f1497fd94601782b9613fdc63e77b60b9e8b13d8f787c3e8ec7bc306166b53a,central_joint_limit_skim_return,150,False,988827412,988.827412,1.73716,44.120410549999995,45.76051857,18.793333333333333,150,1.0,,,,,
ur5e,counterfactual_cghik_v4,49fbaebd82e899b01bc3020b9768c54c6491172b651228260c3fafb61526c74b,central_joint_limit_skim_return,150,False,929635092,929.635092,1.68435,30.6369929,41.84466832999999,18.046666666666667,150,1.0,,,,,
ur5e,counterfactual_cghik_v4,e525c82f11c6d65f108c204b3eb0377e6076ff738603cbdb3107936ad6da8386,regular_near_singular_regular,150,True,292782725,292.782725,1.8916565,2.3886803499999996,2.63789653,2.466666666666667,150,1.0,,,,,
ur5e,counterfactual_cghik_v4,94b822405735425ca714b7ee936fba25eef67ac0f7db9f7168e6da00f32f30ce,slow_high_curvature_high_speed_slow,150,True,282215609,282.215609,1.802107,2.348229849999999,2.58085013,2.986666666666667,150,1.0,,,,,
ur5e,counterfactual_cghik_v4,a6174602d795514005c79f20ea408749127899c27241a337da08f7a1974de2cc,smooth_fast_orientation_smooth,150,True,288785963,288.785963,1.7980495,2.4921446499999997,2.6667903599999994,2.986666666666667,150,1.0,,,,,
ur5e,counterfactual_cghik_v4,045cf2eec474c953b74834a22d6ccdb5d7cde98e23b93525755d07977e178d6a,smooth_fast_orientation_smooth,150,False,580903280,580.90328,1.834436,20.72608999999944,41.11723354999999,6.86,150,1.0,,,,,
ur5e,counterfactual_cghik_v4,3ae8784be0a2977f184ce96d99c8e907111608fc575cd4db7bc0c8f055d498cb,regular_near_singular_regular,150,True,293246134,293.246134,1.931778,2.4140409500000004,2.8033819399999995,2.4,150,1.0,,,,,
ur5e,counterfactual_cghik_v4,45bd28282d09010ef023e8a73b9c1aac7ed18ea798a657a11e10b6264186aeaa,slow_high_curvature_high_speed_slow,150,False,4070319623,4070.319623,31.0573455,63.106794449999896,122.86601415999978,61.193333333333335,150,1.0,,,,,
ur5e,counterfactual_cghik_v4,7071796550b3124b5217a8415f303a75bc312a288d0787f436bc26152c04a289,central_joint_limit_skim_return,150,False,665161873,665.161873,1.679631,32.7898329,39.62788591999999,8.913333333333334,150,1.0,,,,,
ur5e,counterfactual_cghik_v4,42215bcab3096105990597a8e046266154a295049371e88bc383cdec12b40d27,central_joint_limit_skim_return,150,False,948288615,948.288615,1.6916435,36.7076922999999,46.74399801999996,17.466666666666665,150,1.0,,,,,
ur5e,counterfactual_cghik_v4,58dbe5eb2c5ed4ee97712271600dd9aeb905c2c0234e92c7eaf1e7625e8f1919,regular_near_singular_regular,150,True,267455669,267.455669,1.7646715,2.29669775,2.721780189999998,2.4133333333333336,150,1.0,,,,,
ur5e,counterfactual_cghik_v4,487308ce92b2f476ae25b27eee4418686a621f69300f372f94feac7f3906f13a,slow_high_curvature_high_speed_slow,150,False,1540857289,1540.857289,2.182608,35.3747225,44.450934439999955,19.393333333333334,150,1.0,,,,,
ur5e,counterfactual_cghik_v4,4710697654fbc64e706c2be0524a2474271e99099a5ed49b394caca972b1003b,smooth_fast_orientation_smooth,150,True,288093918,288.093918,1.8414255,2.42346395,2.741760729999999,2.986666666666667,150,1.0,,,,,
ur5e,counterfactual_cghik_v4,4b12a2ea418812ac085f459f8ca5ee66060db7648c5abf32fed1fa6b15e704b8,regular_near_singular_regular,150,True,273174870,273.17487,1.77013,2.4214716499999995,2.687140889999998,2.6933333333333334,150,1.0,,,,,
ur5e,counterfactual_cghik_v4,3f4b42e3ff12f1fa456be9d301c007dd6c10a361ec366f539f22383cc0c497e1,slow_high_curvature_high_speed_slow,150,True,290023047,290.023047,1.857672,2.4011488999999995,2.69832328,3.546666666666667,150,1.0,,,,,
ur5e,counterfactual_cghik_v4,618a110ac4bc3c74380b9331ad26a19b2e2e1f6e01f2b85c9f6867e5efa1fcb7,central_joint_limit_skim_return,150,False,738073009,738.073009,1.692105,32.03255824999998,32.80231903,13.26,150,1.0,,,,,
ur5e,counterfactual_cghik_v4,d1b5d6ba3fde4878a03307363b7ebb4a5f5fd26e2af7ab8d221ef1e422b7736e,smooth_fast_orientation_smooth,150,True,285335623,285.335623,1.8592765,2.3941456999999993,2.6205442199999993,2.986666666666667,150,1.0,,,,,
ur5e,counterfactual_cghik_v4,50071a3508592b2196c1abc760d6dc5bb020f673715b78a69079a886e3e767e5,central_joint_limit_skim_return,150,False,882923651,882.923651,1.7656635,36.82007764999986,43.04780941,16.58,150,1.0,,,,,
ur5e,counterfactual_cghik_v4,d526969a4b3eab22459a40776be64be1286cdff02e49527e30544c2272284df2,smooth_fast_orientation_smooth,150,True,309432000,309.432,1.935353,3.2095912499999995,3.6987428899999943,2.986666666666667,150,1.0,,,,,
ur5e,counterfactual_cghik_v4,1336e8155269add1b16b8a63b6a25a53edbc210f0d1c9e77a8007d53d05bfb7c,regular_near_singular_regular,150,True,284969943,284.969943,1.846953,2.34237365,2.927562479999995,2.6266666666666665,150,1.0,,,,,
ur5e,counterfactual_cghik_v4,f6b0f4274a34ef17c3d937c466feacef6d9cc8bd5ba8134d217264bea5faf32d,slow_high_curvature_high_speed_slow,150,False,3631234893,3631.234893,22.621132,73.90662479999999,96.22161215999994,45.82,150,1.0,,,,,
ur5e,counterfactual_cghik_v4,c00d3a2e20943399a5f6dadb5d7e673bb2d0592fd87aebcd796f78ebdec4f777,central_joint_limit_skim_return,150,False,768542162,768.542162,1.807698,31.15966639999999,31.967789779999997,12.633333333333333,150,1.0,,,,,
ur5e,counterfactual_cghik_v4,0903f86314a0a2427acd052e424d7d188ff6bd90c2c6475f4045128dc25db831,smooth_fast_orientation_smooth,150,True,314375154,314.375154,1.8981085,3.4675658999999976,4.377117609999999,2.933333333333333,150,1.0,,,,,
ur5e,counterfactual_cghik_v4,ea7f7ae3c5fb5d4b3e5aec0768b5259b3aa8a3d131b4da95169b3f099fb7e21c,regular_near_singular_regular,150,True,325555028,325.555028,2.0924545,3.8261401999999975,5.041455639999994,3.68,150,1.0,,,,,
ur5e,counterfactual_cghik_v4,18752fccb058a028ddf742f81b1f9ee32a100693bab14122d329d6d6241ded0e,slow_high_curvature_high_speed_slow,150,False,1692842096,1692.842096,2.4876525,31.907675549999997,34.64290713999999,20.026666666666667,150,1.0,,,,,
ur5e,counterfactual_cghik_v4,467848cdb6c343c5cf13c91bf9c923bef518972d8aa47b86715e963b31451c63,slow_high_curvature_high_speed_slow,150,False,2017228931,2017.228931,2.715767,30.96766964999998,37.11630004999995,24.286666666666665,150,1.0,,,,,
ur5e,counterfactual_cghik_v4,a0c42b590a9b8fcb6593e013f9abddc83062925296c3d4cec9cf085e443d80d1,central_joint_limit_skim_return,150,False,758055775,758.055775,1.7715215,41.79113114999996,44.92206015,12.373333333333333,150,1.0,,,,,
ur5e,counterfactual_cghik_v4,80ae5c2b538db519953f82387842365212f5b37ac74701f257bea656ab3df527,smooth_fast_orientation_smooth,150,False,2760760454,2760.760454,25.4629785,38.96840744999998,44.12406305999996,58.60666666666667,150,1.0,,,,,
ur5e,counterfactual_cghik_v4,b30712a474e8b239b87f453526f12013abc2a70ffa5f4f7ba93637377aaa44a9,regular_near_singular_regular,150,True,292828817,292.828817,1.9625495,2.607854499999998,3.401390879999998,3.2,150,1.0,,,,,
ur5e,counterfactual_cghik_v4,821df8b69aadfa38f6497114a9b9250b44c63e39b15f7dda1c220aac4eb64d40,central_joint_limit_skim_return,150,False,883482046,883.482046,1.7806605,38.25796769999977,65.12769219999996,14.613333333333333,150,1.0,,,,,
ur5e,counterfactual_cghik_v4,71f1d0d81414a04f89e24572531099fd40d0981ef9c233944f6e97b0be456d09,slow_high_curvature_high_speed_slow,150,False,1340951039,1340.951039,2.1146295,27.569024849999998,31.22757461999999,16.626666666666665,150,1.0,,,,,
ur5e,counterfactual_cghik_v4,86c899c0180852b1150ab2ec76c1a60687b51e2cb094cd770f81a1649a3a8674,smooth_fast_orientation_smooth,150,True,281719551,281.719551,1.8203325,2.2880766,2.5360670899999995,2.986666666666667,150,1.0,,,,,
ur5e,counterfactual_cghik_v4,ade9096618131993bc08ad080b004bdc902d8a6031dfb9c37cd07a45f922c9e2,regular_near_singular_regular,150,False,443489746,443.489746,1.8177625,2.740112349999992,26.545218259999995,4.28,150,1.0,,,,,
ur5e,temporal_event_cghik_v6,925e975ed18b07b52ba93cb2d56d31c1e1a9e0d5497d883f7b4f3f93e0969549,central_joint_limit_skim_return,150,False,3942583469,3942.583469,32.1878715,44.70725365,48.700984329999976,92.08666666666667,111,0.74,0,0,39,111,110
ur5e,temporal_event_cghik_v6,9b4e3af9af4b230502c1ddb15339ee3ca4cb6b7c91da3bcf66d2b5e5f46f0ad0,slow_high_curvature_high_speed_slow,150,False,2688445371,2688.445371,22.0236705,33.54902609999999,71.69753585999936,45.12,110,0.7333333333333333,0,0,41,109,98
ur5e,temporal_event_cghik_v6,df04feaaa2ca004920a0214bf413846883471fb389fdf69804680adf2526b371,smooth_fast_orientation_smooth,150,True,76864502,76.864502,0.5047905,0.5205344,0.5370357099999999,2.986666666666667,1,0.006666666666666667,0,0,149,1,1
ur5e,temporal_event_cghik_v6,0741998372aa86719c511faf2690e7cf6a7ca28787858c0cd5fcca7cfb2c538f,regular_near_singular_regular,150,True,59876944,59.876944,0.5000075,0.517937,0.5297028699999998,2.28,1,0.006666666666666667,0,0,149,1,1
ur5e,temporal_event_cghik_v6,b0517fce16c8a85e9ed713e838e48c821e20b9df4cb97bc00bac82629a281c78,regular_near_singular_regular,150,True,72724718,72.724718,0.5035205,1.55077105,1.8392130399999977,2.3333333333333335,11,0.07333333333333333,0,0,139,11,10
ur5e,temporal_event_cghik_v6,f528d1bc849c0e9421095184b0b9452a3c14ef6cc5c417b55e15b1f7d38304f5,smooth_fast_orientation_smooth,150,True,77084898,77.084898,0.508263,0.5223522,0.5314500299999999,2.986666666666667,1,0.006666666666666667,0,0,149,1,1
ur5e,temporal_event_cghik_v6,c20ff92ca18870276a401da3f1bd9617e98f7b3aa17701e411ac0cd162110162,slow_high_curvature_high_speed_slow,150,False,833787963,833.787963,0.5230975,23.163373949999997,32.51303529,12.186666666666667,71,0.47333333333333333,0,0,79,71,50
ur5e,temporal_event_cghik_v6,9f1497fd94601782b9613fdc63e77b60b9e8b13d8f787c3e8ec7bc306166b53a,central_joint_limit_skim_return,150,False,4307871189,4307.871189,30.143607,58.16107689999999,66.35398032999996,95.40666666666667,111,0.74,0,0,39,111,110
ur5e,temporal_event_cghik_v6,49fbaebd82e899b01bc3020b9768c54c6491172b651228260c3fafb61526c74b,central_joint_limit_skim_return,150,False,3176171096,3176.171096,27.6930875,34.587786099999995,40.78916524999999,79.58,111,0.74,0,0,39,111,110
ur5e,temporal_event_cghik_v6,e525c82f11c6d65f108c204b3eb0377e6076ff738603cbdb3107936ad6da8386,regular_near_singular_regular,150,False,1833783035,1833.783035,0.514028,33.60880185,34.82387821999999,37.79333333333334,62,0.41333333333333333,0,0,89,61,60
ur5e,temporal_event_cghik_v6,94b822405735425ca714b7ee936fba25eef67ac0f7db9f7168e6da00f32f30ce,slow_high_curvature_high_speed_slow,150,True,126535716,126.535716,0.511706,2.0658945999999996,2.42085653,3.0933333333333333,41,0.2733333333333333,0,0,109,41,10
ur5e,temporal_event_cghik_v6,a6174602d795514005c79f20ea408749127899c27241a337da08f7a1974de2cc,smooth_fast_orientation_smooth,150,True,77075925,77.075925,0.506297,0.52359705,0.5306403199999999,2.986666666666667,1,0.006666666666666667,0,0,149,1,1
ur5e,temporal_event_cghik_v6,045cf2eec474c953b74834a22d6ccdb5d7cde98e23b93525755d07977e178d6a,smooth_fast_orientation_smooth,150,False,373433825,373.433825,0.507073,19.536124299999454,39.98896382,6.826666666666667,11,0.07333333333333333,0,0,139,11,10
ur5e,temporal_event_cghik_v6,3ae8784be0a2977f184ce96d99c8e907111608fc575cd4db7bc0c8f055d498cb,regular_near_singular_regular,150,False,1863347188,1863.347188,0.5151265,34.5367648,35.08373048,41.42666666666667,66,0.44,0,0,85,65,64
ur5e,temporal_event_cghik_v6,45bd28282d09010ef023e8a73b9c1aac7ed18ea798a657a11e10b6264186aeaa,slow_high_curvature_high_speed_slow,150,False,4054471770,4054.47177,30.184048,61.9561351499999,119.0281659199998,63.04666666666667,109,0.7266666666666667,0,0,42,108,107
ur5e,temporal_event_cghik_v6,7071796550b3124b5217a8415f303a75bc312a288d0787f436bc26152c04a289,central_joint_limit_skim_return,150,False,3656311686,3656.311686,29.845555,43.754931549999995,48.358021899999976,86.96666666666667,111,0.74,0,0,39,111,110
ur5e,temporal_event_cghik_v6,42215bcab3096105990597a8e046266154a295049371e88bc383cdec12b40d27,central_joint_limit_skim_return,150,False,3955947368,3955.947368,31.856965,47.92392734999999,51.87275663999997,90.74,111,0.74,0,0,39,111,110
ur5e,temporal_event_cghik_v6,58dbe5eb2c5ed4ee97712271600dd9aeb905c2c0234e92c7eaf1e7625e8f1919,regular_near_singular_regular,150,True,93324656,93.324656,0.5036055,1.7208480999999998,2.476336559999998,2.533333333333333,21,0.14,0,0,129,21,10
ur5e,temporal_event_cghik_v6,487308ce92b2f476ae25b27eee4418686a621f69300f372f94feac7f3906f13a,slow_high_curvature_high_speed_slow,150,False,2365937433,2365.937433,4.6305495,43.005159049999996,46.173595879999986,33.06,111,0.74,0,0,40,110,109
ur5e,temporal_event_cghik_v6,4710697654fbc64e706c2be0524a2474271e99099a5ed49b394caca972b1003b,smooth_fast_orientation_smooth,150,True,77236154,77.236154,0.5083155,0.5282036,0.54317513,2.986666666666667,1,0.006666666666666667,0,0,149,1,1
ur5e,temporal_event_cghik_v6,4b12a2ea418812ac085f459f8ca5ee66060db7648c5abf32fed1fa6b15e704b8,regular_near_singular_regular,150,True,92087905,92.087905,0.5044725,1.8732588999999997,2.666125159999999,2.6533333333333333,21,0.14,0,0,129,21,10
ur5e,temporal_event_cghik_v6,3f4b42e3ff12f1fa456be9d301c007dd6c10a361ec366f539f22383cc0c497e1,slow_high_curvature_high_speed_slow,150,True,174541403,174.541403,0.5183495,2.4244502999999997,2.86117199,3.7333333333333334,71,0.47333333333333333,0,0,79,71,40
ur5e,temporal_event_cghik_v6,618a110ac4bc3c74380b9331ad26a19b2e2e1f6e01f2b85c9f6867e5efa1fcb7,central_joint_limit_skim_return,150,False,3756311355,3756.311355,31.537028,51.69175435,55.41419911999998,86.40666666666667,111,0.74,0,0,39,111,110
ur5e,temporal_event_cghik_v6,d1b5d6ba3fde4878a03307363b7ebb4a5f5fd26e2af7ab8d221ef1e422b7736e,smooth_fast_orientation_smooth,150,True,76787569,76.787569,0.504953,0.5269765,0.5407291700000001,2.986666666666667,1,0.006666666666666667,0,0,149,1,1
ur5e,temporal_event_cghik_v6,50071a3508592b2196c1abc760d6dc5bb020f673715b78a69079a886e3e767e5,central_joint_limit_skim_return,150,False,3486637545,3486.637545,29.8189795,39.6949911,41.49946629999999,81.60666666666667,111,0.74,0,0,39,111,110
ur5e,temporal_event_cghik_v6,d526969a4b3eab22459a40776be64be1286cdff02e49527e30544c2272284df2,smooth_fast_orientation_smooth,150,True,78371480,78.37148,0.508519,0.5310095499999999,0.6413004799999996,2.986666666666667,1,0.006666666666666667,0,0,149,1,1
ur5e,temporal_event_cghik_v6,1336e8155269add1b16b8a63b6a25a53edbc210f0d1c9e77a8007d53d05bfb7c,regular_near_singular_regular,150,True,61261822,61.261822,0.5002895,0.5244361,0.5537166899999999,2.32,1,0.006666666666666667,0,0,149,1,1
ur5e,temporal_event_cghik_v6,f6b0f4274a34ef17c3d937c466feacef6d9cc8bd5ba8134d217264bea5faf32d,slow_high_curvature_high_speed_slow,150,False,4351826273,4351.826273,32.553132,70.87756425,94.90652086999995,57.04666666666667,109,0.7266666666666667,0,0,42,108,107
ur5e,temporal_event_cghik_v6,c00d3a2e20943399a5f6dadb5d7e673bb2d0592fd87aebcd796f78ebdec4f777,central_joint_limit_skim_return,150,False,3404374535,3404.374535,29.08897,41.0774735,44.01717571999996,81.24666666666667,111,0.74,0,0,39,111,110
ur5e,temporal_event_cghik_v6,0903f86314a0a2427acd052e424d7d188ff6bd90c2c6475f4045128dc25db831,smooth_fast_orientation_smooth,150,True,76239889,76.239889,0.510844,0.52794135,0.533394,2.933333333333333,1,0.006666666666666667,0,0,149,1,1
ur5e,temporal_event_cghik_v6,ea7f7ae3c5fb5d4b3e5aec0768b5259b3aa8a3d131b4da95169b3f099fb7e21c,regular_near_singular_regular,150,True,217724058,217.724058,1.8557465,3.7504167999999996,4.797361219999991,3.9066666666666667,91,0.6066666666666667,0,0,59,91,50
ur5e,temporal_event_cghik_v6,18752fccb058a028ddf742f81b1f9ee32a100693bab14122d329d6d6241ded0e,slow_high_curvature_high_speed_slow,150,False,1502259012,1502.259012,0.524376,31.198781799999992,33.398313259999995,19.573333333333334,71,0.47333333333333333,0,0,79,71,70
ur5e,temporal_event_cghik_v6,467848cdb6c343c5cf13c91bf9c923bef518972d8aa47b86715e963b31451c63,slow_high_curvature_high_speed_slow,150,False,2441383195,2441.383195,21.0666005,30.23877334999998,37.007823229999936,31.42,106,0.7066666666666667,0,0,45,105,104
ur5e,temporal_event_cghik_v6,a0c42b590a9b8fcb6593e013f9abddc83062925296c3d4cec9cf085e443d80d1,central_joint_limit_skim_return,150,False,3665869086,3665.869086,29.7756655,47.9308972,52.681360069999954,83.76666666666667,111,0.74,0,0,39,111,110
ur5e,temporal_event_cghik_v6,80ae5c2b538db519953f82387842365212f5b37ac74701f257bea656ab3df527,smooth_fast_orientation_smooth,150,False,3208324422,3208.324422,29.7074285,41.30979689999998,47.906788899999995,71.38666666666667,95,0.6333333333333333,0,0,56,94,93
ur5e,temporal_event_cghik_v6,b30712a474e8b239b87f453526f12013abc2a70ffa5f4f7ba93637377aaa44a9,regular_near_singular_regular,150,True,165197996,165.197996,0.5215585,2.18304325,2.59329098,3.3733333333333335,71,0.47333333333333333,0,0,79,71,40
ur5e,temporal_event_cghik_v6,821df8b69aadfa38f6497114a9b9250b44c63e39b15f7dda1c220aac4eb64d40,central_joint_limit_skim_return,150,False,3966594540,3966.59454,32.368576,51.41095004999996,64.54109039999997,89.76,111,0.74,0,0,39,111,110
ur5e,temporal_event_cghik_v6,71f1d0d81414a04f89e24572531099fd40d0981ef9c233944f6e97b0be456d09,slow_high_curvature_high_speed_slow,150,False,1752158900,1752.1589,2.421922,27.56828474999999,35.261204669999934,23.906666666666666,107,0.7133333333333334,0,0,44,106,105
ur5e,temporal_event_cghik_v6,86c899c0180852b1150ab2ec76c1a60687b51e2cb094cd770f81a1649a3a8674,smooth_fast_orientation_smooth,150,True,77376486,77.376486,0.509584,0.5256115,0.5469364799999997,2.986666666666667,1,0.006666666666666667,0,0,149,1,1
ur5e,temporal_event_cghik_v6,ade9096618131993bc08ad080b004bdc902d8a6031dfb9c37cd07a45f922c9e2,regular_near_singular_regular,150,False,2043376688,2043.376688,1.9676415,36.045469049999994,38.49990722,45.68,113,0.7533333333333333,0,0,38,112,61
ur5e,anchored_temporal_cghik_v7,925e975ed18b07b52ba93cb2d56d31c1e1a9e0d5497d883f7b4f3f93e0969549,central_joint_limit_skim_return,150,False,3944500131,3944.500131,32.356926,44.6912576,48.603752299999975,92.08666666666667,111,0.74,1,0,39,110,110
ur5e,anchored_temporal_cghik_v7,9b4e3af9af4b230502c1ddb15339ee3ca4cb6b7c91da3bcf66d2b5e5f46f0ad0,slow_high_curvature_high_speed_slow,150,False,2684368481,2684.368481,21.7386355,33.52794005,71.75629240999938,45.12,110,0.7333333333333333,1,0,41,108,98
ur5e,anchored_temporal_cghik_v7,df04feaaa2ca004920a0214bf413846883471fb389fdf69804680adf2526b371,smooth_fast_orientation_smooth,150,True,78553289,78.553289,0.5029985,0.5204694,1.4021189099999973,2.986666666666667,3,0.02,3,2,147,0,0
ur5e,anchored_temporal_cghik_v7,0741998372aa86719c511faf2690e7cf6a7ca28787858c0cd5fcca7cfb2c538f,regular_near_singular_regular,150,True,62280834,62.280834,0.4974305,0.52008005,1.4068376899999973,2.28,3,0.02,3,2,147,0,0
ur5e,anchored_temporal_cghik_v7,b0517fce16c8a85e9ed713e838e48c821e20b9df4cb97bc00bac82629a281c78,regular_near_singular_regular,150,True,73466103,73.466103,0.499759,1.54812885,1.628166609999999,2.32,13,0.08666666666666667,3,2,137,10,10
ur5e,anchored_temporal_cghik_v7,f528d1bc849c0e9421095184b0b9452a3c14ef6cc5c417b55e15b1f7d38304f5,smooth_fast_orientation_smooth,150,True,78728470,78.72847,0.5045995,0.52147395,1.4191078099999972,2.986666666666667,3,0.02,3,2,147,0,0
ur5e,anchored_temporal_cghik_v7,c20ff92ca18870276a401da3f1bd9617e98f7b3aa17701e411ac0cd162110162,slow_high_curvature_high_speed_slow,150,False,834445702,834.445702,0.5208675,23.217161899999994,32.627877559999995,12.186666666666667,71,0.47333333333333333,1,0,79,70,50
ur5e,anchored_temporal_cghik_v7,9f1497fd94601782b9613fdc63e77b60b9e8b13d8f787c3e8ec7bc306166b53a,central_joint_limit_skim_return,150,False,4325530308,4325.530308,29.9064635,57.96685485,66.43887021999996,95.40666666666667,111,0.74,1,0,39,110,110
ur5e,anchored_temporal_cghik_v7,49fbaebd82e899b01bc3020b9768c54c6491172b651228260c3fafb61526c74b,central_joint_limit_skim_return,150,False,3181327950,3181.32795,27.8023275,34.45886959999999,40.85168752,79.58,111,0.74,1,0,39,110,110
ur5e,anchored_temporal_cghik_v7,e525c82f11c6d65f108c204b3eb0377e6076ff738603cbdb3107936ad6da8386,regular_near_singular_regular,150,False,1846030710,1846.03071,0.5139265,33.75119099999999,34.670817989999996,37.79333333333334,63,0.42,2,1,88,60,60
ur5e,anchored_temporal_cghik_v7,94b822405735425ca714b7ee936fba25eef67ac0f7db9f7168e6da00f32f30ce,slow_high_curvature_high_speed_slow,150,True,128606420,128.60642,0.507169,2.338168049999999,2.5969118599999987,3.0933333333333333,42,0.28,2,1,108,40,10
ur5e,anchored_temporal_cghik_v7,a6174602d795514005c79f20ea408749127899c27241a337da08f7a1974de2cc,smooth_fast_orientation_smooth,150,True,79377790,79.37779,0.5035455,0.5240023,1.6124936399999996,2.986666666666667,3,0.02,3,2,147,0,0
ur5e,anchored_temporal_cghik_v7,045cf2eec474c953b74834a22d6ccdb5d7cde98e23b93525755d07977e178d6a,smooth_fast_orientation_smooth,150,False,377429656,377.429656,0.5051705,20.075823749999472,39.91540792999999,6.826666666666667,12,0.08,2,1,138,10,10
ur5e,anchored_temporal_cghik_v7,3ae8784be0a2977f184ce96d99c8e907111608fc575cd4db7bc0c8f055d498cb,regular_near_singular_regular,150,False,1876330379,1876.330379,0.513975,34.80871155,35.39483165,41.42666666666667,67,0.44666666666666666,2,1,84,64,64
ur5e,anchored_temporal_cghik_v7,45bd28282d09010ef023e8a73b9c1aac7ed18ea798a657a11e10b6264186aeaa,slow_high_curvature_high_speed_slow,150,False,4056094065,4056.094065,30.275338,61.67768064999989,118.88218337999979,63.04666666666667,109,0.7266666666666667,1,0,42,107,107
ur5e,anchored_temporal_cghik_v7,7071796550b3124b5217a8415f303a75bc312a288d0787f436bc26152c04a289,central_joint_limit_skim_return,150,False,3666806229,3666.806229,29.875331,43.9200405,48.620527449999976,86.96666666666667,111,0.74,1,0,39,110,110
ur5e,anchored_temporal_cghik_v7,42215bcab3096105990597a8e046266154a295049371e88bc383cdec12b40d27,central_joint_limit_skim_return,150,False,3964462257,3964.462257,31.5261745,48.185934350000004,51.95275512999997,90.74,111,0.74,1,0,39,110,110
ur5e,anchored_temporal_cghik_v7,58dbe5eb2c5ed4ee97712271600dd9aeb905c2c0234e92c7eaf1e7625e8f1919,regular_near_singular_regular,150,True,93936936,93.936936,0.503201,1.6255853499999993,2.3587017399999954,2.533333333333333,22,0.14666666666666667,2,1,128,20,10
ur5e,anchored_temporal_cghik_v7,487308ce92b2f476ae25b27eee4418686a621f69300f372f94feac7f3906f13a,slow_high_curvature_high_speed_slow,150,False,2375936734,2375.936734,4.514888,43.282782700000006,47.05409456999999,33.06,111,0.74,1,0,40,109,109
ur5e,anchored_temporal_cghik_v7,4710697654fbc64e706c2be0524a2474271e99099a5ed49b394caca972b1003b,smooth_fast_orientation_smooth,150,True,79032974,79.032974,0.5049975,0.52473775,1.4273146199999966,2.986666666666667,3,0.02,3,2,147,0,0
ur5e,anchored_temporal_cghik_v7,4b12a2ea418812ac085f459f8ca5ee66060db7648c5abf32fed1fa6b15e704b8,regular_near_singular_regular,150,True,93932694,93.932694,0.502864,1.9241340999999985,2.459754949999998,2.6666666666666665,23,0.15333333333333332,3,2,127,20,10
ur5e,anchored_temporal_cghik_v7,3f4b42e3ff12f1fa456be9d301c007dd6c10a361ec366f539f22383cc0c497e1,slow_high_curvature_high_speed_slow,150,True,171975971,171.975971,0.5223665,2.4105532999999997,2.56708102,3.7333333333333334,71,0.47333333333333333,1,0,79,70,40
ur5e,anchored_temporal_cghik_v7,618a110ac4bc3c74380b9331ad26a19b2e2e1f6e01f2b85c9f6867e5efa1fcb7,central_joint_limit_skim_return,150,False,3755907163,3755.907163,31.572032,51.79725244999999,55.31709430999997,86.40666666666667,111,0.74,1,0,39,110,110
ur5e,anchored_temporal_cghik_v7,d1b5d6ba3fde4878a03307363b7ebb4a5f5fd26e2af7ab8d221ef1e422b7736e,smooth_fast_orientation_smooth,150,True,78662260,78.66226,0.5034365,0.52015245,1.4195430999999967,2.986666666666667,3,0.02,3,2,147,0,0
ur5e,anchored_temporal_cghik_v7,50071a3508592b2196c1abc760d6dc5bb020f673715b78a69079a886e3e767e5,central_joint_limit_skim_return,150,False,3503097697,3503.097697,29.8501425,39.41264499999999,41.729784819999985,81.60666666666667,111,0.74,1,0,39,110,110
ur5e,anchored_temporal_cghik_v7,d526969a4b3eab22459a40776be64be1286cdff02e49527e30544c2272284df2,smooth_fast_orientation_smooth,150,True,79583652,79.583652,0.5066875,0.5280546500000001,1.5610598999999972,2.986666666666667,3,0.02,3,2,147,0,0
ur5e,anchored_temporal_cghik_v7,1336e8155269add1b16b8a63b6a25a53edbc210f0d1c9e77a8007d53d05bfb7c,regular_near_singular_regular,150,True,63848448,63.848448,0.4993925,0.53205965,1.5138863699999954,2.32,3,0.02,3,2,147,0,0
ur5e,anchored_temporal_cghik_v7,f6b0f4274a34ef17c3d937c466feacef6d9cc8bd5ba8134d217264bea5faf32d,slow_high_curvature_high_speed_slow,150,False,4359130733,4359.130733,32.5915,71.81680744999998,94.15199130999994,57.04666666666667,109,0.7266666666666667,1,0,42,107,107
ur5e,anchored_temporal_cghik_v7,c00d3a2e20943399a5f6dadb5d7e673bb2d0592fd87aebcd796f78ebdec4f777,central_joint_limit_skim_return,150,False,3404821652,3404.821652,29.1029415,40.9906722,44.54288057999997,81.24666666666667,111,0.74,1,0,39,110,110
ur5e,anchored_temporal_cghik_v7,0903f86314a0a2427acd052e424d7d188ff6bd90c2c6475f4045128dc25db831,smooth_fast_orientation_smooth,150,True,80359123,80.359123,0.5090515,0.53453925,1.401277319999997,2.933333333333333,3,0.02,3,2,147,0,0
ur5e,anchored_temporal_cghik_v7,ea7f7ae3c5fb5d4b3e5aec0768b5259b3aa8a3d131b4da95169b3f099fb7e21c,regular_near_singular_regular,150,True,218415870,218.41587,1.8577095,3.6762195499999946,4.999706779999999,3.9066666666666667,91,0.6066666666666667,1,0,59,90,50
ur5e,anchored_temporal_cghik_v7,18752fccb058a028ddf742f81b1f9ee32a100693bab14122d329d6d6241ded0e,slow_high_curvature_high_speed_slow,150,False,1498894403,1498.894403,0.5254695,30.86036415,33.82756564,19.573333333333334,71,0.47333333333333333,1,0,79,70,70
ur5e,anchored_temporal_cghik_v7,467848cdb6c343c5cf13c91bf9c923bef518972d8aa47b86715e963b31451c63,slow_high_curvature_high_speed_slow,150,False,2448911331,2448.911331,21.148472,30.213517449999987,36.32743686999994,31.42,106,0.7066666666666667,1,0,45,104,104
ur5e,anchored_temporal_cghik_v7,a0c42b590a9b8fcb6593e013f9abddc83062925296c3d4cec9cf085e443d80d1,central_joint_limit_skim_return,150,False,3674514546,3674.514546,29.565619,48.3295713,52.67072556999995,83.76666666666667,111,0.74,1,0,39,110,110
ur5e,anchored_temporal_cghik_v7,80ae5c2b538db519953f82387842365212f5b37ac74701f257bea656ab3df527,smooth_fast_orientation_smooth,150,False,3206052635,3206.052635,29.7601105,40.8897802,47.826611799999995,72.17333333333333,96,0.64,2,1,55,93,93
ur5e,anchored_temporal_cghik_v7,b30712a474e8b239b87f453526f12013abc2a70ffa5f4f7ba93637377aaa44a9,regular_near_singular_regular,150,True,167308007,167.308007,0.5149105,2.3751917499999986,2.9367351699999986,3.3733333333333335,71,0.47333333333333333,1,0,79,70,40
ur5e,anchored_temporal_cghik_v7,821df8b69aadfa38f6497114a9b9250b44c63e39b15f7dda1c220aac4eb64d40,central_joint_limit_skim_return,150,False,3958984030,3958.98403,32.78699,51.11161764999998,64.95127352999998,89.76,111,0.74,1,0,39,110,110
ur5e,anchored_temporal_cghik_v7,71f1d0d81414a04f89e24572531099fd40d0981ef9c233944f6e97b0be456d09,slow_high_curvature_high_speed_slow,150,False,1751555244,1751.555244,2.019706,28.3966512,35.558990659999935,23.906666666666666,107,0.7133333333333334,1,0,44,105,105
ur5e,anchored_temporal_cghik_v7,86c899c0180852b1150ab2ec76c1a60687b51e2cb094cd770f81a1649a3a8674,smooth_fast_orientation_smooth,150,True,79470369,79.470369,0.5054405,0.52746295,1.4385176399999968,2.986666666666667,3,0.02,3,2,147,0,0
ur5e,anchored_temporal_cghik_v7,ade9096618131993bc08ad080b004bdc902d8a6031dfb9c37cd07a45f922c9e2,regular_near_singular_regular,150,False,2052815776,2052.815776,2.0372125,36.122942249999994,38.75188606,45.68,113,0.7533333333333333,1,0,38,111,61
