robot,subset,method,reference,query_count,latency_ratio,latency_ratio_ci_low,latency_ratio_ci_high,fev_ratio,fev_ratio_ci_low,fev_ratio_ci_high,success_difference,success_difference_ci_low,success_difference_ci_high,deadline_difference,deadline_difference_ci_low,deadline_difference_ci_high,paired_latency_difference_ms,paired_latency_difference_ms_ci_low,paired_latency_difference_ms_ci_high,p50_ratio,p50_ratio_ci_low,p50_ratio_ci_high,p95_ratio,p95_ratio_ci_low,p95_ratio_ci_high,p99_ratio,p99_ratio_ci_low,p99_ratio_ci_high
panda,all,geometry_threshold,always_hard,3000,0.6571820338803477,0.6213928378991526,0.6922432231984342,0.6441532293301547,0.6068241253132501,0.6808453310464544,0.0,0.0,0.0,-0.00011111111111111113,-0.0003333333333333333,0.0,-20.29167073744444,-22.382708655958332,-18.23757074631389,,,,,,,,,
panda,all,reject_only_hard,always_hard,3000,0.6575745575852133,0.621696343866163,0.6927638787124614,0.6440343818708687,0.606690020819193,0.6807372356317657,0.0,0.0,0.0,-0.00022222222222222226,-0.0006666666666666666,0.0,-20.268436944111112,-22.36882755309444,-18.20915365625833,,,,,,,,,
panda,all,routing_only,always_hard,3000,1.0103279758609263,1.0097481797293253,1.0108986732349647,1.011133210524292,1.0101919843131566,1.01210452299716,0.0,0.0,0.0,-0.00011111111111111113,-0.0003333333333333333,0.0,0.6113211857777773,0.5798589901277771,0.6416679799305547,,,,,,,,,
panda,all,p50_selection,always_hard,3000,0.6576232577166039,0.6217086552239776,0.6925894401279394,0.6452892712203886,0.6080238510782016,0.6820725742438346,0.0,0.0,0.0,-0.00011111111111111113,-0.0003333333333333333,0.0,-20.265554344222224,-22.357642286258333,-18.203137343833337,,,,,,,,,
panda,all,full_cghik,always_hard,3000,0.6574640398754417,0.6214110337389335,0.6925564073118198,0.6442441126813735,0.6069269294766375,0.6809752970113536,0.0,0.0,0.0,-0.00011111111111111113,-0.0003333333333333333,0.0,-20.274978576111106,-22.36602343398611,-18.21919121853611,,,,,,,,,
panda,all,full_cghik,reject_only_hard,3000,0.9998319312867312,0.9990199513127181,1.0006212780015744,1.0003256515745254,1.0001656141444972,1.0005105765220264,0.0,0.0,0.0,0.00011111111111111113,-0.0003333333333333333,0.0006666666666666666,-0.006541631999999847,-0.03854135586388833,0.024306644344444794,,,,,,,,,
panda,all,full_cghik,p50_selection,3000,0.9997578889747375,0.9991088407840695,1.0004316923453502,0.9983803255599795,0.9978867533466178,0.998829606716887,0.0,0.0,0.0,0.0,-0.0003333333333333333,0.0003333333333333333,-0.00942423188888881,-0.03484368638333301,0.01673501627222255,,,,,,,,,
panda,all,full_cghik,geometry_threshold,3000,1.0004291139753607,0.9998400743075118,1.0010823896759922,1.0001410896461906,1.0000313438192903,1.0002967153658522,0.0,0.0,0.0,0.0,-0.0003333333333333333,0.0003333333333333333,0.016692161333333445,-0.006304310708333342,0.04226697962222229,,,,,,,,,
panda,all,full_cghik,routing_only,3000,0.6507431800205273,0.6152215611852225,0.6853466619291998,0.6371505811260224,0.6006761176561092,0.6731144903794266,0.0,0.0,0.0,0.0,-0.0003333333333333333,0.0003333333333333333,-20.88629976188889,-22.966259651574997,-18.844371408705555,,,,,,,,,
panda,all,full_cghik,trac_ik_100ms,3000,2.3014897991586714,2.150634960725088,2.45481251268727,,,,-0.024666666666666667,-0.03111111111111111,-0.01844444444444444,-0.03811111111111111,-0.044444444444444446,-0.03177777777777777,22.006853423333332,19.456076294802777,24.59922301346667,,,,,,,,,
panda,all,full_cghik,trac_ik_20ms,3000,10.880100071805895,10.167100158598545,11.603894163011256,,,,-0.024222222222222218,-0.030555555555555558,-0.01811111111111111,-0.03766666666666667,-0.044,-0.03144444444444444,35.339035330555554,32.78794777252778,37.93219778269444,,,,,,,,,
panda,all,full_cghik,trac_ik_400ms,3000,0.5816110092248827,0.5434826967832427,0.6203604029483193,,,,-0.02511111111111111,-0.03155555555555555,-0.01888888888888889,-0.03855555555555555,-0.045,-0.03222222222222222,-27.99457420244444,-30.546110466694444,-25.401544539680554,,,,,,,,,
panda,all,full_cghik,trac_ik_5ms,3000,36.14680834419392,33.78417079452289,38.51249873833941,,,,-0.024888888888888884,-0.03122222222222222,-0.018774999999999986,-0.03833333333333333,-0.044777777777777784,-0.032108333333333315,37.839219818777785,35.28866302177222,40.43176945553889,,,,,,,,,
panda,feasible,geometry_threshold,always_hard,2500,1.032403920530662,1.0286649350876151,1.0372418737894844,1.0006615172091757,1.0003113262937946,1.0010360836993146,0.0,0.0,0.0,-0.00013333333333333334,-0.0004,0.0,0.489512546,0.47668626728999997,0.5025273393866668,,,,,,,,,
panda,feasible,reject_only_hard,always_hard,2500,1.033536047135182,1.0297260080310928,1.038509253050523,1.0,1.0,1.0,0.0,0.0,0.0,-0.0002666666666666667,-0.0008,0.0,0.5066151116000001,0.4892806750066668,0.5260039726266668,,,,,,,,,
panda,feasible,routing_only,always_hard,2500,1.0334373674157291,1.0295646217155998,1.0382365265695639,1.0011673833103099,1.0005965395579977,1.0018535803922883,0.0,0.0,0.0,-0.00013333333333333334,-0.0004,0.0,0.5051243981333334,0.48869597334666687,0.5221150623800004,,,,,,,,,
panda,feasible,p50_selection,always_hard,2500,1.0348861170424093,1.0308340501994993,1.0399331580377489,1.0069848434733544,1.005313897004242,1.0088420834267384,0.0,0.0,0.0,-0.00013333333333333334,-0.0004,0.0,0.527010056,0.50919176268,0.5460660706999999,,,,,,,,,
panda,feasible,full_cghik,always_hard,2500,1.0332992874099465,1.029326140130657,1.0382314222117428,1.0011673833103099,1.0005965395579977,1.0018535803922883,0.0,0.0,0.0,-0.00013333333333333334,-0.0004,0.0,0.5030384809333333,0.48578688246333335,0.5245719363299999,1.3216836559645524,1.3088531654415414,1.3347096265681841,1.0066168632947587,1.0019566172047356,1.061120459474832,1.0013484424350552,1.000403411146647,1.0035672327228735
panda,feasible,full_cghik,reject_only_hard,2500,0.9997709226244293,0.9983224048225743,1.0013450623270976,1.0011673833103099,1.0005965395579977,1.0018535803922883,0.0,0.0,0.0,0.00013333333333333334,-0.0004,0.0008,-0.0035766306666667387,-0.02656963266000015,0.020963668693333316,,,,,,,,,
panda,feasible,full_cghik,p50_selection,2500,0.9984666625570379,0.9970492145153755,0.9999324333589672,0.9942228920318417,0.9924993290949427,0.9957966636015273,0.0,0.0,0.0,0.0,-0.0004,0.0004,-0.02397157506666669,-0.04579540837666694,-0.0011402475733334782,0.9972822241676198,0.9905755171240037,1.0030107046095866,0.9969453405882926,0.9757728523630445,1.0100525793549269,1.0001561640327998,0.9983685718849474,1.0020122626627987
panda,feasible,full_cghik,geometry_threshold,2500,1.0008672641216088,0.9997087193806246,1.002228600717302,1.000505531683226,1.000111055172269,1.0010744044251656,0.0,0.0,0.0,0.0,-0.0004,0.0004,0.013525934933333338,-0.0044939919000000755,0.03473414310000016,0.9997057175452813,0.9928377180514236,1.0060790887948468,1.001845342791778,0.9919516690317386,1.038820182543306,0.9999902405142516,0.9985960084711566,1.0024457770036301
panda,feasible,full_cghik,routing_only,2500,0.9998663876397967,0.9986635930843678,1.0013243669860574,1.0,1.0,1.0,0.0,0.0,0.0,0.0,-0.0004,0.0004,-0.002085917200000026,-0.02128270074666689,0.020165436403333282,,,,,,,,,
panda,feasible,full_cghik,trac_ik_100ms,2500,59.34090570513668,52.20503122003257,66.40760221589441,,,,-0.0296,-0.03746666666666666,-0.022,-0.04573333333333333,-0.0536,-0.038266666666666664,15.346572484266668,13.384056586266668,17.29849418529667,,,,,,,,,
panda,feasible,full_cghik,trac_ik_20ms,2500,59.17772588063216,52.037511202735686,66.23479054002908,,,,-0.029066666666666664,-0.03679999999999999,-0.0216,-0.0452,-0.052933333333333325,-0.037733333333333334,15.345847136266666,13.381965465943331,17.299490032993333,,,,,,,,,
panda,feasible,full_cghik,trac_ik_400ms,2500,59.13742126204921,52.079108067643176,66.21548357914007,,,,-0.03013333333333333,-0.037733333333333334,-0.022533333333333336,-0.046266666666666664,-0.054133333333333325,-0.038933333333333334,15.3456673624,13.3822144037,17.298601623326668,,,,,,,,,
panda,feasible,full_cghik,trac_ik_5ms,2500,59.31468511452998,52.20468402232852,66.38422939468248,,,,-0.029866666666666663,-0.03746666666666666,-0.022533333333333332,-0.046,-0.053733333333333334,-0.03866666666666666,15.346456200666667,13.382505770693333,17.299372806323337,,,,,,,,,
panda,local,geometry_threshold,always_hard,1000,1.3127052664136014,1.3046151574967941,1.3208368053213777,1.006056527590848,1.0020093770931011,1.0108108108108107,0.0,0.0,0.0,0.0,0.0,0.0,0.47971068066666667,0.46865082376666667,0.49074782471666667,,,,,,,,,
panda,local,reject_only_hard,always_hard,1000,1.3093851003116692,1.301501775786489,1.3172453649931015,1.0,1.0,1.0,0.0,0.0,0.0,0.0,0.0,0.0,0.47461732500000003,0.46400763315000004,0.4854770061916666,,,,,,,,,
panda,local,routing_only,always_hard,1000,1.315760277130164,1.3075981786904258,1.323907689323279,1.006056527590848,1.0020093770931011,1.0108108108108107,0.0,0.0,0.0,0.0,0.0,0.0,0.48439727033333335,0.4736585427833333,0.4951069238,,,,,,,,,
panda,local,p50_selection,always_hard,1000,1.314153640588061,1.306076690887758,1.3221713742151135,1.006056527590848,1.0020093770931011,1.0108108108108107,0.0,0.0,0.0,0.0,0.0,0.0,0.48193258299999997,0.471206487925,0.492660841725,,,,,,,,,
panda,local,full_cghik,always_hard,1000,1.314933981585216,1.3067648270937278,1.3230798446923837,1.006056527590848,1.0020093770931011,1.0108108108108107,0.0,0.0,0.0,0.0,0.0,0.0,0.483129678,0.47204210802499996,0.494314476975,,,,,,,,,
panda,local,full_cghik,reject_only_hard,1000,1.0042377763976587,0.9986127344848821,1.010061529230204,1.006056527590848,1.0020093770931011,1.0108108108108107,0.0,0.0,0.0,0.0,0.0,0.0,0.008512353,-0.002796860341666664,0.020211342866666687,,,,,,,,,
panda,local,full_cghik,p50_selection,1000,1.000593797386435,0.9952958301340975,1.005820287703833,1.0,1.0,1.0,0.0,0.0,0.0,0.0,0.0,0.0,0.001197094999999997,-0.009516517791666665,0.011682135175000006,,,,,,,,,
panda,local,full_cghik,geometry_threshold,1000,1.0016978031768728,0.9960473560236738,1.0071244159809287,1.0,1.0,1.0,0.0,0.0,0.0,0.0,0.0,0.0,0.0034189973333333293,-0.007963820924999991,0.014292936950000007,,,,,,,,,
panda,local,full_cghik,routing_only,1000,0.9993720014509404,0.9940221023360457,1.0047808456239709,1.0,1.0,1.0,0.0,0.0,0.0,0.0,0.0,0.0,-0.0012675923333333406,-0.012110039924999993,0.009632591358333335,,,,,,,,,
panda,local,full_cghik,trac_ik_100ms,1000,8.488402554392877,8.399178801537944,8.57697267034962,,,,0.0,0.0,0.0,0.0,0.0,0.0,1.7795547613333333,1.7696699901250001,1.7892044309500001,,,,,,,,,
panda,local,full_cghik,trac_ik_20ms,1000,8.486758567363571,8.397463007574336,8.575281826206671,,,,0.0,0.0,0.0,0.0,0.0,0.0,1.7795087273333337,1.7696232677416668,1.78903735545,,,,,,,,,
panda,local,full_cghik,trac_ik_400ms,1000,8.508093984967411,8.426849662769028,8.592260218282126,,,,0.0,0.0,0.0,0.0,0.0,0.0,1.780104767,1.7702872983416669,1.7896184584083334,,,,,,,,,
panda,local,full_cghik,trac_ik_5ms,1000,8.517394506322836,8.432113983555514,8.602358577845603,,,,0.0,0.0,0.0,0.0,0.0,0.0,1.7803636576666666,1.7703957954916665,1.7899829380499999,,,,,,,,,
panda,near_singular,geometry_threshold,always_hard,500,1.302356323111886,1.2899749113751562,1.314264721509855,1.006720430107527,1.0013368983957218,1.0135135135135136,0.0,0.0,0.0,0.0,0.0,0.0,0.4676843,0.4516805443333333,0.48316330468333335,,,,,,,,,
panda,near_singular,reject_only_hard,always_hard,500,1.30518379378716,1.2931416913183962,1.3175832959135756,1.0,1.0,1.0,0.0,0.0,0.0,0.0,0.0,0.0,0.4720578273333334,0.4561656534,0.4884082479833333,,,,,,,,,
panda,near_singular,routing_only,always_hard,500,1.3072036513922691,1.2950461719924362,1.319805821064426,1.006720430107527,1.0013368983957218,1.0135135135135136,0.0,0.0,0.0,0.0,0.0,0.0,0.47518214000000003,0.45885853615,0.4923230383,,,,,,,,,
panda,near_singular,p50_selection,always_hard,500,1.3133162201222146,1.3009533545093102,1.3259315994148861,1.006720430107527,1.0013368983957218,1.0135135135135136,0.0,0.0,0.0,0.0,0.0,0.0,0.484637052,0.4681194686,0.5016419878,,,,,,,,,
panda,near_singular,full_cghik,always_hard,500,1.3013064888739447,1.289223140283541,1.3136169202393815,1.006720430107527,1.0013368983957218,1.0135135135135136,0.0,0.0,0.0,0.0,0.0,0.0,0.46606041800000003,0.45051955056666665,0.4825058503833333,,,,,,,,,
panda,near_singular,full_cghik,reject_only_hard,500,0.9970293035113739,0.9886635029732778,1.0055055314199157,1.006720430107527,1.0013368983957218,1.0135135135135136,0.0,0.0,0.0,0.0,0.0,0.0,-0.005997409333333336,-0.022972875983333335,0.011058972633333306,,,,,,,,,
panda,near_singular,full_cghik,p50_selection,500,0.9908554154252718,0.9826714694222872,0.9991797273755909,1.0,1.0,1.0,0.0,0.0,0.0,0.0,0.0,0.0,-0.018576633999999995,-0.03544729773333334,-0.001659334983333337,,,,,,,,,
panda,near_singular,full_cghik,geometry_threshold,500,0.9991938963098572,0.9913154267440286,1.007172779884951,1.0,1.0,1.0,0.0,0.0,0.0,0.0,0.0,0.0,-0.0016238820000000005,-0.01757257571666668,0.014423894483333336,,,,,,,,,
panda,near_singular,full_cghik,routing_only,500,0.9954887193651552,0.98733212064114,1.0037341893892606,1.0,1.0,1.0,0.0,0.0,0.0,0.0,0.0,0.0,-0.009121721999999995,-0.025693557099999993,0.007551083483333326,,,,,,,,,
panda,near_singular,full_cghik,trac_ik_100ms,500,8.036432780203809,7.897027728253578,8.174187872933116,,,,0.002666666666666667,0.0,0.006666666666666668,0.002666666666666667,0.0,0.006666666666666668,1.7623921826666666,1.74968916445,1.7758043643166668,,,,,,,,,
panda,near_singular,full_cghik,trac_ik_20ms,500,8.011375751721781,7.878667617527821,8.14051014546219,,,,0.002666666666666667,0.0,0.006666666666666667,0.002666666666666667,0.0,0.006666666666666667,1.7616088026666668,1.7490386261666664,1.7745292172666667,,,,,,,,,
panda,near_singular,full_cghik,trac_ik_400ms,500,7.950598163362337,7.81584254126956,8.084406765745674,,,,0.002,0.0,0.004666666666666667,0.002,0.0,0.004666666666666667,1.7596881453333335,1.7468508973666665,1.7730700489,,,,,,,,,
panda,near_singular,full_cghik,trac_ik_5ms,500,8.080380665786329,7.946393562277742,8.218119346383256,,,,0.002,0.0,0.005333333333333334,0.002,0.0,0.005333333333333334,1.7637544306666668,1.7508699183333332,1.77698811365,,,,,,,,,
panda,near_limit,geometry_threshold,always_hard,500,1.2960527883009878,1.2837247876946816,1.3079152174686826,1.0038910505836576,0.9986876640419947,1.0104166666666667,0.0,0.0,0.0,0.0,0.0,0.0,0.46190949866666664,0.4472132747166666,0.4763072125500001,,,,,,,,,
panda,near_limit,reject_only_hard,always_hard,500,1.3031496329609933,1.2901142905948535,1.3150899990358422,1.0,1.0,1.0,0.0,0.0,0.0,0.0,0.0,0.0,0.47298218599999997,0.4578364328999999,0.48732693993333337,,,,,,,,,
panda,near_limit,routing_only,always_hard,500,1.3093685099727217,1.295621167451705,1.3229248704708338,1.0090791180285343,1.0,1.022388305508033,0.0,0.0,0.0,0.0,0.0,0.0,0.48268504466666673,0.46528982013333336,0.5006556756166667,,,,,,,,,
panda,near_limit,p50_selection,always_hard,500,1.3157555398865233,1.303036176414422,1.3286143574783738,1.0298313878080414,1.0093582887700534,1.0534166232042104,0.0,0.0,0.0,0.0,0.0,0.0,0.49265026,0.47441799055000006,0.51119199485,,,,,,,,,
panda,near_limit,full_cghik,always_hard,500,1.3059163550563104,1.292573941182116,1.3189674130883964,1.0090791180285343,1.0,1.022388305508033,0.0,0.0,0.0,0.0,0.0,0.0,0.47729889999999997,0.4610451143833333,0.49350155943333335,,,,,,,,,
panda,near_limit,full_cghik,reject_only_hard,500,1.0021231039209446,0.9949136367163297,1.0097600786390803,1.0090791180285343,1.0,1.022388305508033,0.0,0.0,0.0,0.0,0.0,0.0,0.004316713999999994,-0.010369566416666656,0.019733725716666654,,,,,,,,,
panda,near_limit,full_cghik,p50_selection,500,0.9925220266744526,0.9841201769885805,1.0009302947888685,0.9798488664987406,0.9606383945612855,0.9948717948717949,0.0,0.0,0.0,0.0,0.0,0.0,-0.015351360000000005,-0.032996773600000015,0.001904074349999991,,,,,,,,,
panda,near_limit,full_cghik,geometry_threshold,500,1.0076104668300223,1.0008001464170455,1.014599112511356,1.0051679586563307,1.0,1.015748031496063,0.0,0.0,0.0,0.0,0.0,0.0,0.015389401333333328,0.001634627816666653,0.029413932049999984,,,,,,,,,
panda,near_limit,full_cghik,routing_only,500,0.9973634963036623,0.9891417926863694,1.0053817937465923,1.0,1.0,1.0,0.0,0.0,0.0,0.0,0.0,0.0,-0.005386144666666674,-0.022397857283333343,0.010985764749999991,,,,,,,,,
panda,near_limit,full_cghik,trac_ik_100ms,500,8.309167984127246,8.134817965735857,8.499639303672897,,,,0.0,0.0,0.0,0.0,0.0,0.0,1.792311546,1.7682736334166664,1.8250920105333335,,,,,,,,,
panda,near_limit,full_cghik,trac_ik_20ms,500,8.303824517652103,8.138599787178025,8.489700295468161,,,,0.0,0.0,0.0,0.0,0.0,0.0,1.7921537520000002,1.7678587794833334,1.824874645083333,,,,,,,,,
panda,near_limit,full_cghik,trac_ik_400ms,500,8.236792372083501,8.07400904056632,8.414013490167996,,,,0.0,0.0,0.0,0.0,0.0,0.0,1.7901568813333333,1.7663830750666667,1.8226143489666669,,,,,,,,,
panda,near_limit,full_cghik,trac_ik_5ms,500,8.257657814068462,8.096959560102157,8.442866681459392,,,,0.0,0.0,0.0,0.0,0.0,0.0,1.7907819326666665,1.7666186220333333,1.8234341172666666,,,,,,,,,
panda,hard_feasible,geometry_threshold,always_hard,500,1.0080531372173966,1.0068606800132562,1.0095090505958768,1.0,1.0,1.0,0.0,0.0,0.0,-0.0006666666666666668,-0.002,0.0,0.5585475699999998,0.5006372953833333,0.618396039216667,,,,,,,,,
panda,hard_feasible,reject_only_hard,always_hard,500,1.0092102294158156,1.0077748140667941,1.0109086550509097,1.0,1.0,1.0,0.0,0.0,0.0,-0.0013333333333333335,-0.004,0.0,0.6388008946666669,0.5582364398000005,0.7299818940666677,,,,,,,,,
panda,hard_feasible,routing_only,always_hard,500,1.0086358073395572,1.0072732035993783,1.0101523130863796,1.000396519440467,1.0,1.0008988114885908,0.0,0.0,0.0,-0.0006666666666666668,-0.002,0.0,0.5989602653333332,0.5232232245666666,0.6778351715833344,,,,,,,,,
panda,hard_feasible,p50_selection,always_hard,500,1.010004616463296,1.0084770441476298,1.0117939297642644,1.0062782244740611,1.0045833973697977,1.0082115899839938,0.0,0.0,0.0,-0.0006666666666666668,-0.002,0.0,0.6938978020000001,0.6082866258666668,0.7874521843499989,,,,,,,,,
panda,hard_feasible,full_cghik,always_hard,500,1.0087311602632332,1.0072784470474612,1.0105369458813245,1.000396519440467,1.0,1.0008988114885908,0.0,0.0,0.0,-0.0006666666666666668,-0.002,0.0,0.6055737306666666,0.5249763148166664,0.7072132406333335,,,,,,,,,
panda,hard_feasible,full_cghik,reject_only_hard,500,0.9995253029164599,0.9980126310996306,1.0011375034374295,1.000396519440467,1.0,1.0008988114885908,0.0,0.0,0.0,0.0006666666666666668,-0.002,0.004,-0.03322716400000037,-0.1397987580500011,0.07980844925000022,,,,,,,,,
panda,hard_feasible,full_cghik,p50_selection,500,0.9987391580401661,0.9972784225391916,1.0002749195229401,0.9941549912434325,0.9923041761735651,0.9957995645111742,0.0,0.0,0.0,0.0,-0.002,0.002,-0.08832407133333343,-0.1916059292166674,0.01963593196666712,,,,,,,,,
panda,hard_feasible,full_cghik,geometry_threshold,500,1.000672606453771,0.9994634098736409,1.0020950631823053,1.000396519440467,1.0,1.0008988114885908,0.0,0.0,0.0,0.0,-0.002,0.002,0.04702616066666672,-0.03717617685000051,0.1474905965833328,,,,,,,,,
panda,hard_feasible,full_cghik,routing_only,500,1.0000945365244642,0.998832317419128,1.0015988132999505,1.0,1.0,1.0,0.0,0.0,0.0,0.0,-0.002,0.002,0.006613465333333233,-0.08209896631666731,0.10989489903333319,,,,,,,,,
panda,hard_feasible,full_cghik,trac_ik_100ms,500,203.21283533556434,179.34878947292427,226.86891289337296,,,,-0.15066666666666667,-0.18935000000000002,-0.112,-0.2313333333333333,-0.26933333333333337,-0.194,69.61904917,59.79040070118333,79.44015714001667,,,,,,,,,
panda,hard_feasible,full_cghik,trac_ik_20ms,500,201.69348328978035,177.32724950794847,226.17248069291907,,,,-0.148,-0.18666666666666665,-0.11,-0.22866666666666666,-0.2666666666666666,-0.19133333333333333,69.616455672,59.78928000846666,79.43531972075,,,,,,,,,
panda,hard_feasible,full_cghik,trac_ik_400ms,500,202.76117210889296,178.33224968273774,227.00248404886125,,,,-0.15266666666666664,-0.19133333333333333,-0.11464999999999993,-0.2333333333333333,-0.27133333333333337,-0.1953333333333333,69.61828225133334,59.78626343648334,79.43817251371665,,,,,,,,,
panda,hard_feasible,full_cghik,trac_ik_5ms,500,202.02058650649008,177.4759837700058,225.49213528107788,,,,-0.15133333333333332,-0.18935,-0.11333333333333333,-0.23199999999999998,-0.27,-0.19466666666666665,69.61701732466668,59.78582543218333,79.43303740711667,,,,,,,,,
panda,constructed_inexecutable,geometry_threshold,always_hard,500,0.5558215239251998,0.51128979764077,0.5985924448436853,0.5660760852891548,0.520597989330979,0.6094665736509672,0.0,0.0,0.0,0.0,0.0,0.0,-124.19758715466666,-137.14537265219997,-112.07762954799999,,,,,,,,,
panda,constructed_inexecutable,reject_only_hard,always_hard,500,0.5560142551079862,0.5114723625937301,0.5986775691047207,0.5660760852891548,0.520597989330979,0.6094665736509672,0.0,0.0,0.0,0.0,0.0,0.0,-124.14369722266666,-137.05758116540002,-111.9935436336,,,,,,,,,
panda,constructed_inexecutable,routing_only,always_hard,500,1.00408532372339,1.0034752687436186,1.0046577212614183,1.0133157778118662,1.0121718900710257,1.0144421909607162,0.0,0.0,0.0,0.0,0.0,0.0,1.142305123999997,0.9729987717499975,1.298267378566663,,,,,,,,,
panda,constructed_inexecutable,p50_selection,always_hard,500,0.5557114099036379,0.511035565134235,0.5983862742991485,0.5660760852891548,0.520597989330979,0.6094665736509672,0.0,0.0,0.0,0.0,0.0,0.0,-124.22837634533333,-137.17266237101666,-112.14821267135001,,,,,,,,,
panda,constructed_inexecutable,full_cghik,always_hard,500,0.5559378397667608,0.5113260907791369,0.5986976814825253,0.5660760852891548,0.520597989330979,0.6094665736509672,0.0,0.0,0.0,0.0,0.0,0.0,-124.16506386133332,-137.11294982756667,-112.02574810706669,,,,,,,,,
panda,constructed_inexecutable,full_cghik,reject_only_hard,500,0.9998625658595561,0.998849751830275,1.0007516905998042,1.0,1.0,1.0,0.0,0.0,0.0,0.0,0.0,0.0,-0.021366638666665362,-0.1797485174999973,0.1182699719500015,,,,,,,,,
panda,constructed_inexecutable,full_cghik,p50_selection,500,1.0004074594458339,0.9997261881653615,1.0010973283313924,1.0,1.0,1.0,0.0,0.0,0.0,0.0,0.0,0.0,0.06331248400000059,-0.04273648705000014,0.1695983669000007,,,,,,,,,
panda,constructed_inexecutable,full_cghik,geometry_threshold,500,1.0002092683290487,0.9995316418765224,1.00091975974132,1.0,1.0,1.0,0.0,0.0,0.0,0.0,0.0,0.0,0.032523293333333966,-0.07141327343333342,0.14233486769999937,,,,,,,,,
panda,constructed_inexecutable,full_cghik,routing_only,500,0.5536758944998913,0.5094307241268992,0.5960189627290934,0.5586373938749164,0.5142944493411524,0.6007779097225802,0.0,0.0,0.0,0.0,0.0,0.0,-125.30736898533333,-138.16075459030003,-113.17892733725002,,,,,,,,,
panda,constructed_inexecutable,full_cghik,trac_ik_100ms,500,1.5523171969160867,1.4293632220353134,1.670738164706877,,,,0.0,0.0,0.0,0.0,0.0,0.0,55.30825811866667,42.99571450431667,67.1666520808,,,,,,,,,
panda,constructed_inexecutable,full_cghik,trac_ik_20ms,500,7.717601286783725,7.106120295094993,8.306095556328167,,,,0.0,0.0,0.0,0.0,0.0,0.0,135.304976302,122.99167989738335,147.16261671391666,,,,,,,,,
panda,constructed_inexecutable,full_cghik,trac_ik_400ms,500,0.3884785784402377,0.3577080174666501,0.41811262187051573,,,,0.0,0.0,0.0,0.0,0.0,0.0,-244.69578202666668,-257.00806934201665,-232.83846918776666,,,,,,,,,
panda,constructed_inexecutable,full_cghik,trac_ik_5ms,500,30.22024985546203,27.82581534435907,32.51536061784373,,,,0.0,0.0,0.0,0.0,0.0,0.0,150.3030379093333,137.99150318235002,162.15915589303333,,,,,,,,,
ur5e,all,geometry_threshold,always_hard,3000,0.9198716585229928,0.8941134401386869,0.94401578297296,0.9166639493048988,0.8893683922682447,0.9418930797221959,0.0,0.0,0.0,0.0,0.0,0.0,-2.248857657555556,-2.9627833687055554,-1.5775139305888886,,,,,,,,,
ur5e,all,reject_only_hard,always_hard,3000,0.9196970702074583,0.894027937706092,0.9438066113711635,0.916576993728329,0.889268964541783,0.9418507950935257,0.0,0.0,0.0,0.0,0.0,0.0,-2.2537576001111113,-2.969226194555556,-1.5795239429749999,,,,,,,,,
ur5e,all,routing_only,always_hard,3000,1.0214474590772509,1.0204167910137136,1.022449063847996,1.0229508374908969,1.0219535311325432,1.0239451769156782,0.0,0.0,0.0,0.0,0.0,0.0,0.6019378623333332,0.5786891329583334,0.6257184397416666,,,,,,,,,
ur5e,all,p50_selection,always_hard,3000,0.9197394015767366,0.8942146701129216,0.9438130792747553,0.9174900272823121,0.890338212979662,0.9427288338454454,0.0,0.0,0.0,0.0,0.0,0.0,-2.252569540777778,-2.9677533191638883,-1.579501120997222,,,,,,,,,
ur5e,all,full_cghik,always_hard,3000,0.9195267428112853,0.8938836915881703,0.9437231577715905,0.9165987326224715,0.8892692338121142,0.9419043156453905,0.0,0.0,0.0,0.0,0.0,0.0,-2.258537957,-2.9733572478722223,-1.590027055208334,,,,,,,,,
ur5e,all,full_cghik,reject_only_hard,3000,0.9998148005449942,0.9990790084443586,1.0004954628556166,1.0000237174774091,0.9999766080297788,1.0000721263726298,0.0,0.0,0.0,0.0,0.0,0.0,-0.00478035688888896,-0.02377881816388899,0.012874105502777526,,,,,,,,,
ur5e,all,full_cghik,p50_selection,3000,0.9997687836738465,0.9991335241747825,1.0004103940282465,0.9990285511195356,0.9985862662879221,0.9994154345279416,0.0,0.0,0.0,0.0,0.0,0.0,-0.005968416222222333,-0.02259079534444466,0.010664759183333056,,,,,,,,,
ur5e,all,full_cghik,geometry_threshold,3000,0.9996250393100912,0.998872273641048,1.0003718637465797,0.9999288543173572,0.9998092067577097,1.0000121848168668,0.0,0.0,0.0,0.0,0.0,0.0,-0.009680299444444436,-0.029253182750000283,0.009577616524999891,,,,,,,,,
ur5e,all,full_cghik,routing_only,3000,0.9002193256635657,0.875056902134882,0.9237375017286011,0.8960340018594767,0.8701274039872072,0.9200707831049887,0.0,0.0,0.0,0.0,0.0,0.0,-2.8604758193333337,-3.568509561894444,-2.1906100734222216,,,,,,,,,
ur5e,all,full_cghik,trac_ik_100ms,3000,1.5278938722891486,1.4654795702303594,1.5910097400186725,,,,0.0003333333333333333,0.0,0.001,0.0004444444444444445,0.0,0.0012222222222222224,8.916483492888888,7.86200052148611,9.984426583991668,,,,,,,,,
ur5e,all,full_cghik,trac_ik_20ms,3000,7.254380776232996,6.958620961712871,7.551699363166703,,,,0.0004444444444444445,0.0,0.0012222222222222224,0.0004444444444444445,0.0,0.0012222222222222224,22.249699448666664,21.195102495763887,23.317995110002776,,,,,,,,,
ur5e,all,full_cghik,trac_ik_400ms,3000,0.3858265190390377,0.3700317943934485,0.4018132846906064,,,,0.0003333333333333333,0.0,0.001,0.0003333333333333333,0.0,0.001,-41.08082568044444,-42.13738534238333,-40.01107602001667,,,,,,,,,
ur5e,all,full_cghik,trac_ik_5ms,3000,24.495472688071214,23.491024990924394,25.505063385491344,,,,0.0004444444444444445,0.0,0.0012222222222222224,0.0004444444444444445,0.0,0.0012222222222222224,24.753609786777776,23.69700321841944,25.823477011877777,,,,,,,,,
ur5e,feasible,geometry_threshold,always_hard,2500,1.291080529636627,1.283676817761081,1.2980124693779662,1.0018486424032351,1.0,1.0045704361571492,0.0,0.0,0.0,0.0,0.0,0.0,0.4444676968,0.43638877381,0.45208734034333337,,,,,,,,,
ur5e,feasible,reject_only_hard,always_hard,2500,1.2912024893453073,1.2841199612210643,1.2983178974713971,1.0,1.0,1.0,0.0,0.0,0.0,0.0,0.0,0.0,0.4446539241333334,0.43675458771000003,0.45240451303333334,,,,,,,,,
ur5e,feasible,routing_only,always_hard,2500,1.293546747389786,1.2864366555126034,1.3003299224242806,1.0004621606008088,0.9995410199109827,1.0013930891189027,0.0,0.0,0.0,0.0,0.0,0.0,0.4482335073333334,0.4406732185233333,0.45548324777666666,,,,,,,,,
ur5e,feasible,p50_selection,always_hard,2500,1.2954949789576378,1.2876933160758806,1.302621972645245,1.019410745233969,1.0116111326925155,1.0276368424390236,0.0,0.0,0.0,0.0,0.0,0.0,0.4512083748,0.44240978723999996,0.45939858456666666,,,,,,,,,
ur5e,feasible,full_cghik,always_hard,2500,1.2932462374556024,1.2860512002517124,1.2999713061114644,1.0004621606008088,0.9995410199109827,1.0013930891189027,0.0,0.0,0.0,0.0,0.0,0.0,0.4477746413333333,0.44025264808666664,0.45501426041333337,1.3363363978877307,1.3346113737874443,1.3384566046031854,1.226583771522288,1.1877124488853008,1.2610732550815456,1.0957432250799837,1.0063926476879081,1.1623229570347506
ur5e,feasible,full_cghik,reject_only_hard,2500,1.0015828254105452,0.9978528800399231,1.0053327120741733,1.0004621606008088,0.9995410199109827,1.0013930891189027,0.0,0.0,0.0,0.0,0.0,0.0,0.003120717199999995,-0.0042400134100000035,0.010507257036666664,,,,,,,,,
ur5e,feasible,full_cghik,p50_selection,2500,0.9982641835448527,0.9941575213995111,1.0022364251347686,0.9814122180664173,0.9736656998867128,0.9889738483515305,0.0,0.0,0.0,0.0,0.0,0.0,-0.0034337334666666715,-0.011564897533333339,0.004425534179999998,1.000263881756426,0.9988249149015302,1.001972688513969,0.9885058337353481,0.9615150023987474,1.0099010952789118,0.9365127252156144,0.8643814483716988,1.0526570695861823
ur5e,feasible,full_cghik,geometry_threshold,2500,1.0016774382149383,0.9978165481244843,1.0054518500594358,0.9986160765770961,0.9961020456874068,1.0002343045268467,0.0,0.0,0.0,0.0,0.0,0.0,0.0033069445333333307,-0.00431942020333333,0.010811113213333333,1.0027496803737754,1.0012059504857085,1.0043891452964866,0.9972764131912258,0.9725355170230382,1.016777852721856,0.8983939887002906,0.7750709390461056,1.0337440382182514
ur5e,feasible,full_cghik,routing_only,2500,0.999767685292557,0.9960452863019611,1.0033294600113238,1.0,1.0,1.0,0.0,0.0,0.0,0.0,0.0,0.0,-0.00045886600000000205,-0.007834140516666673,0.006569664773333332,,,,,,,,,
ur5e,feasible,full_cghik,trac_ik_100ms,2500,8.259776706581977,7.775530559138154,8.583248547487912,,,,0.0004,0.0,0.0012,0.0005333333333333334,0.0,0.0016,1.7356542893333335,1.7110540044933333,1.7618639768133335,,,,,,,,,
ur5e,feasible,full_cghik,trac_ik_20ms,2500,8.295690145501203,7.865706770660448,8.586899410039814,,,,0.0005333333333333334,0.0,0.0016,0.0005333333333333334,0.0,0.0016,1.7366892990666665,1.7129128828666669,1.7625574038366667,,,,,,,,,
ur5e,feasible,full_cghik,trac_ik_400ms,2500,8.440285603545238,8.295055560876252,8.576561922197799,,,,0.0004,0.0,0.0012,0.0004,0.0,0.0012,1.7407673557333332,1.72033800087,1.7639175470433333,,,,,,,,,
ur5e,feasible,full_cghik,trac_ik_5ms,2500,8.497303532274579,8.36820853840633,8.628196488353034,,,,0.0005333333333333334,0.0,0.0016,0.0005333333333333334,0.0,0.0016,1.7423372898666667,1.7216126229933335,1.7655144793233333,,,,,,,,,
ur5e,local,geometry_threshold,always_hard,1000,1.3093045941397425,1.2988393814039203,1.319625666712379,1.0033311125916056,1.0006648936170213,1.0066800267201068,0.0,0.0,0.0,0.0,0.0,0.0,0.4404765943333333,0.4279832890583333,0.45278288677499995,,,,,,,,,
ur5e,local,reject_only_hard,always_hard,1000,1.3067432552090117,1.2961926541358608,1.3171633141759964,1.0,1.0,1.0,0.0,0.0,0.0,0.0,0.0,0.0,0.4368290253333333,0.42468617140833337,0.44923514057499997,,,,,,,,,
ur5e,local,routing_only,always_hard,1000,1.3112707582133374,1.3014234816803945,1.3210623834094801,1.0019986675549633,1.0,1.0046697798532356,0.0,0.0,0.0,0.0,0.0,0.0,0.4432765826666667,0.4315829574666667,0.45468640923333337,,,,,,,,,
ur5e,local,p50_selection,always_hard,1000,1.3110222686810002,1.2998326328115193,1.321727709543428,1.0086608927381746,1.0019986675549633,1.0172872340425532,0.0,0.0,0.0,0.0,0.0,0.0,0.44292271199999994,0.42917200744166667,0.4555779714916666,,,,,,,,,
ur5e,local,full_cghik,always_hard,1000,1.3126886586615858,1.302183647208214,1.3232300583712204,1.0019986675549633,1.0,1.0046697798532356,0.0,0.0,0.0,0.0,0.0,0.0,0.4452957959999999,0.4330646856833333,0.45776226027499994,,,,,,,,,
ur5e,local,full_cghik,reject_only_hard,1000,1.0045497869829245,0.9986337048247391,1.0107643075014896,1.0019986675549633,1.0,1.0046697798532356,0.0,0.0,0.0,0.0,0.0,0.0,0.008466770666666663,-0.0025480155166666637,0.01996262980833333,,,,,,,,,
ur5e,local,full_cghik,p50_selection,1000,1.001271061537545,0.994953214550177,1.0076900458922002,0.9933949801849405,0.9849964935901038,0.9993355481727575,0.0,0.0,0.0,0.0,0.0,0.0,0.0023730839999999906,-0.009454299075000004,0.014268169399999994,,,,,,,,,
ur5e,local,full_cghik,geometry_threshold,1000,1.002584627394565,0.9964816780615888,1.0087888126788644,0.99867197875166,0.9966688874083944,1.0,0.0,0.0,0.0,0.0,0.0,0.0,0.004819201666666662,-0.00657416982500001,0.0163396301,,,,,,,,,
ur5e,local,full_cghik,routing_only,1000,1.0010813178280438,0.9953960921318158,1.0067828248365225,1.0,1.0,1.0,0.0,0.0,0.0,0.0,0.0,0.0,0.002019213333333331,-0.008642236133333342,0.012645541499999989,,,,,,,,,
ur5e,local,full_cghik,trac_ik_100ms,1000,8.347890886314413,8.252278309484552,8.444263192730574,,,,0.0,0.0,0.0,0.0,0.0,0.0,1.6454478906666665,1.6353532005416667,1.6560814179916665,,,,,,,,,
ur5e,local,full_cghik,trac_ik_20ms,1000,8.354905829739751,8.258238531724894,8.444351677023407,,,,0.0,0.0,0.0,0.0,0.0,0.0,1.6456359106666665,1.635521247958333,1.6562140112916666,,,,,,,,,
ur5e,local,full_cghik,trac_ik_400ms,1000,8.346429462651553,8.253421801093022,8.437329495160297,,,,0.0,0.0,0.0,0.0,0.0,0.0,1.6454086806666666,1.6351943393416668,1.6559691571583335,,,,,,,,,
ur5e,local,full_cghik,trac_ik_5ms,1000,8.395787243646286,8.301050763758022,8.488349342718786,,,,0.0,0.0,0.0,0.0,0.0,0.0,1.6467253953333334,1.6365753251666666,1.6576142368666666,,,,,,,,,
ur5e,near_singular,geometry_threshold,always_hard,500,1.3194332192156661,1.3055439978135452,1.3330031675848126,1.0065616797900263,0.99867197875166,1.0198682084072586,0.0,0.0,0.0,0.0,0.0,0.0,0.45637784733333336,0.4387614365333333,0.4735874331333333,,,,,,,,,
ur5e,near_singular,reject_only_hard,always_hard,500,1.3093170475667149,1.2959882166724639,1.3222863291442954,1.0,1.0,1.0,0.0,0.0,0.0,0.0,0.0,0.0,0.4419247586666667,0.42617221271666667,0.45755857713333337,,,,,,,,,
ur5e,near_singular,routing_only,always_hard,500,1.314559325724617,1.30065740211831,1.3287503566883339,1.0,1.0,1.0,0.0,0.0,0.0,0.0,0.0,0.0,0.4494144606666666,0.43249295271666666,0.46713747736666666,,,,,,,,,
ur5e,near_singular,p50_selection,always_hard,500,1.327545492655069,1.311995010376228,1.3438848906454741,1.0564304461942258,1.026489190230912,1.0907941280509372,0.0,0.0,0.0,0.0,0.0,0.0,0.467967944,0.44810587243333333,0.4898242392666667,,,,,,,,,
ur5e,near_singular,full_cghik,always_hard,500,1.310747694900046,1.2978944755398776,1.3239598933418404,1.0,1.0,1.0,0.0,0.0,0.0,0.0,0.0,0.0,0.44396874066666664,0.4290539042,0.45919983898333333,,,,,,,,,
ur5e,near_singular,full_cghik,reject_only_hard,500,1.0010926668494768,0.9931791273845835,1.0090877636695688,1.0,1.0,1.0,0.0,0.0,0.0,0.0,0.0,0.0,0.0020439819999999954,-0.012882272683333355,0.016942261466666664,,,,,,,,,
ur5e,near_singular,full_cghik,p50_selection,500,0.9873467253303481,0.9762147835263987,0.9981561711251071,0.9465838509316771,0.9167632778438367,0.9741943797805122,0.0,0.0,0.0,0.0,0.0,0.0,-0.023999203333333333,-0.04548054115,-0.003453023516666674,,,,,,,,,
ur5e,near_singular,full_cghik,geometry_threshold,500,0.9934172308312935,0.9843169119343154,1.002491179926529,0.9934810951760105,0.9805188472126054,1.0013297872340425,0.0,0.0,0.0,0.0,0.0,0.0,-0.012409106666666668,-0.02978557195,0.004675511966666675,,,,,,,,,
ur5e,near_singular,full_cghik,routing_only,500,0.9971004497476977,0.9882473759153065,1.0054557253784469,1.0,1.0,1.0,0.0,0.0,0.0,0.0,0.0,0.0,-0.005445720000000004,-0.022212998333333338,0.010188730799999993,,,,,,,,,
ur5e,near_singular,full_cghik,trac_ik_100ms,500,6.5715061405818265,5.226397948502238,7.660035038691699,,,,0.002,0.0,0.006,0.002666666666666667,0.0,0.007350000000000061,1.587710348,1.5157760772166666,1.63029658445,,,,,,,,,
ur5e,near_singular,full_cghik,trac_ik_20ms,500,6.751050629862639,5.4985796598416865,7.717219112422192,,,,0.002666666666666667,0.0,0.007350000000000061,0.002666666666666667,0.0,0.007350000000000061,1.5952891293333333,1.5316853902999998,1.6336648216999998,,,,,,,,,
ur5e,near_singular,full_cghik,trac_ik_400ms,500,7.3421140007628365,6.907787524716829,7.671606615176905,,,,0.002,0.0,0.006,0.002,0.0,0.006,1.6176199733333334,1.5990196659166667,1.6351567962166669,,,,,,,,,
ur5e,near_singular,full_cghik,trac_ik_5ms,500,7.490081256695795,7.145067222848271,7.777282949908991,,,,0.002666666666666667,0.0,0.008,0.002666666666666667,0.0,0.008,1.6226587086666664,1.6073914282833335,1.6384398086166667,,,,,,,,,
ur5e,near_limit,geometry_threshold,always_hard,500,1.307297700727308,1.2938049036205086,1.3202352129672201,0.9973684210526316,0.9933774834437086,1.0,0.0,0.0,0.0,0.0,0.0,0.0,0.43738385333333335,0.42150681361666664,0.4532044397,,,,,,,,,
ur5e,near_limit,reject_only_hard,always_hard,500,1.3125250453827215,1.299503739019329,1.3247018409632525,1.0,1.0,1.0,0.0,0.0,0.0,0.0,0.0,0.0,0.44482405266666664,0.4294682274166667,0.45971726501666665,,,,,,,,,
ur5e,near_limit,routing_only,always_hard,500,1.3152478208524043,1.3022361300276157,1.327601987602376,0.9986842105263158,0.9960159362549801,1.0,0.0,0.0,0.0,0.0,0.0,0.0,0.4486994413333334,0.43340283295,0.4636981231999999,,,,,,,,,
ur5e,near_limit,p50_selection,always_hard,500,1.3169349034814282,1.3021937336334901,1.3320655808685413,1.018421052631579,1.0,1.041452121260996,0.0,0.0,0.0,0.0,0.0,0.0,0.45110070466666663,0.43231639461666665,0.47081086463333327,,,,,,,,,
ur5e,near_limit,full_cghik,always_hard,500,1.3179602618200743,1.304376777862952,1.3307637880741965,0.9986842105263158,0.9960159362549801,1.0,0.0,0.0,0.0,0.0,0.0,0.0,0.4525601206666667,0.436458014,0.4683351518833333,,,,,,,,,
ur5e,near_limit,full_cghik,reject_only_hard,500,1.004141038265497,0.9962137727870246,1.0120159724993099,0.9986842105263158,0.9960159362549801,1.0,0.0,0.0,0.0,0.0,0.0,0.0,0.0077360680000000005,-0.007085350399999997,0.02228166433333334,,,,,,,,,
ur5e,near_limit,full_cghik,p50_selection,500,1.000778594550069,0.9907112909064701,1.010155090307329,0.9806201550387597,0.9596977329974811,0.99867197875166,0.0,0.0,0.0,0.0,0.0,0.0,0.0014594160000000018,-0.017553638500000003,0.01893193080000001,,,,,,,,,
ur5e,near_limit,full_cghik,geometry_threshold,500,1.008156184384654,0.9992688151968491,1.0169592604098157,1.0013192612137203,1.0,1.0040160642570282,0.0,0.0,0.0,0.0,0.0,0.0,0.015176267333333332,-0.0013703109500000006,0.031453219149999996,,,,,,,,,
ur5e,near_limit,full_cghik,routing_only,500,1.0020623040955978,0.9934380051686325,1.0107553843367523,1.0,1.0,1.0,0.0,0.0,0.0,0.0,0.0,0.0,0.003860679333333332,-0.01229485076666666,0.020038123433333343,,,,,,,,,
ur5e,near_limit,full_cghik,trac_ik_100ms,500,8.29818892116029,8.156914155343054,8.44499259441347,,,,0.0,0.0,0.0,0.0,0.0,0.0,1.6498236880000001,1.6353999183333332,1.6653067109333333,,,,,,,,,
ur5e,near_limit,full_cghik,trac_ik_20ms,500,8.208030665691387,8.068960703417893,8.349670734615383,,,,0.0,0.0,0.0,0.0,0.0,0.0,1.647340618,1.6329012796166666,1.66337818265,,,,,,,,,
ur5e,near_limit,full_cghik,trac_ik_400ms,500,8.133828464238691,7.9955886653837815,8.268725397230273,,,,0.0,0.0,0.0,0.0,0.0,0.0,1.645255702,1.6307621269166666,1.6606256267833335,,,,,,,,,
ur5e,near_limit,full_cghik,trac_ik_5ms,500,8.133371036874772,7.956846996068237,8.297131295965627,,,,0.0,0.0,0.0,0.0,0.0,0.0,1.6452427313333335,1.6309196764999998,1.6608049476500002,,,,,,,,,
ur5e,hard_feasible,geometry_threshold,always_hard,500,1.2313800798619836,1.215584341073746,1.2476232521624584,1.0,1.0,1.0,0.0,0.0,0.0,0.0,0.0,0.0,0.4476235946666666,0.42966081524999994,0.46602597975000004,,,,,,,,,
ur5e,hard_feasible,reject_only_hard,always_hard,500,1.239257320975638,1.2223634319009704,1.2564121602175653,1.0,1.0,1.0,0.0,0.0,0.0,0.0,0.0,0.0,0.46286275866666665,0.44162653050000006,0.4847967370499999,,,,,,,,,
ur5e,hard_feasible,routing_only,always_hard,500,1.2359686046711542,1.2193605349118224,1.253172024782756,1.0,1.0,1.0,0.0,0.0,0.0,0.0,0.0,0.0,0.4565004693333334,0.4375531397666666,0.4761486432,,,,,,,,,
ur5e,hard_feasible,p50_selection,always_hard,500,1.233191431247493,1.2174584314781471,1.2494165776169077,1.0107320812571867,1.0015319361292068,1.0230156225970843,0.0,0.0,0.0,0.0,0.0,0.0,0.4511278013333333,0.43255535580000004,0.4694919099833333,,,,,,,,,
ur5e,hard_feasible,full_cghik,always_hard,500,1.2335144737443426,1.2176743687211948,1.2492104672431172,1.0,1.0,1.0,0.0,0.0,0.0,0.0,0.0,0.0,0.45175275333333337,0.43481761630000004,0.46814867746666666,,,,,,,,,
ur5e,hard_feasible,full_cghik,reject_only_hard,500,0.9953658960620269,0.9872679137499224,1.003157916362974,1.0,1.0,1.0,0.0,0.0,0.0,0.0,0.0,0.0,-0.01111000533333335,-0.030781707400000018,0.007476177816666663,,,,,,,,,
ur5e,hard_feasible,full_cghik,p50_selection,500,1.0002619564883959,0.9930236599744783,1.0074676798942062,0.9893818733409178,0.9775021787817063,0.9984704071094803,0.0,0.0,0.0,0.0,0.0,0.0,0.0006249519999999935,-0.016883345350000002,0.017723216799999997,,,,,,,,,
ur5e,hard_feasible,full_cghik,geometry_threshold,500,1.001733334749575,0.9944466467855004,1.0085548848757893,1.0,1.0,1.0,0.0,0.0,0.0,0.0,0.0,0.0,0.004129158666666667,-0.01322662013333333,0.020429306966666665,,,,,,,,,
ur5e,hard_feasible,full_cghik,routing_only,500,0.9980144067433941,0.9904606452340988,1.005413899206619,1.0,1.0,1.0,0.0,0.0,0.0,0.0,0.0,0.0,-0.004747716000000001,-0.022897630699999977,0.012881127333333358,,,,,,,,,
ur5e,hard_feasible,full_cghik,trac_ik_100ms,500,10.090527499984853,9.689462850412928,10.519916863004294,,,,0.0,0.0,0.0,0.0,0.0,0.0,2.149841629333333,2.0526306580666667,2.2607087168333333,,,,,,,,,
ur5e,hard_feasible,full_cghik,trac_ik_20ms,500,10.077883822368896,9.668188973823987,10.531650842175836,,,,0.0,0.0,0.0,0.0,0.0,0.0,2.1495449266666666,2.0510210490166667,2.2608188956833333,,,,,,,,,
ur5e,hard_feasible,full_cghik,trac_ik_400ms,500,10.103434359269311,9.715850847775481,10.54314329418336,,,,0.0,0.0,0.0,0.0,0.0,0.0,2.150143742,2.0526518222833334,2.2611106931166667,,,,,,,,,
ur5e,hard_feasible,full_cghik,trac_ik_5ms,500,10.11158888968534,9.714403294312739,10.554905969381144,,,,0.0,0.0,0.0,0.0,0.0,0.0,2.150334218666667,2.051988218916667,2.261104529266667,,,,,,,,,
ur5e,constructed_inexecutable,geometry_threshold,always_hard,500,0.9022421965253843,0.8745097130949476,0.9277328117889944,0.9124592949979184,0.8836016819203784,0.9386249103847191,0.0,0.0,0.0,0.0,0.0,0.0,-15.715484429333333,-20.163995744983332,-11.687121164083333,,,,,,,,,
ur5e,constructed_inexecutable,reject_only_hard,always_hard,500,0.9020535245428628,0.8743101216931025,0.927361702131075,0.9124592949979184,0.8836016819203784,0.9386249103847191,0.0,0.0,0.0,0.0,0.0,0.0,-15.745815221333332,-20.147701498216662,-11.717342371166666,,,,,,,,,
ur5e,constructed_inexecutable,routing_only,always_hard,500,1.0085249121335553,1.0076511862780042,1.0094311860207283,1.0240608621761422,1.022976495138739,1.025147978693462,0.0,0.0,0.0,0.0,0.0,0.0,1.3704596373333329,1.2364693742500004,1.512076872133334,,,,,,,,,
ur5e,constructed_inexecutable,p50_selection,always_hard,500,0.901894007279039,0.8739097733704939,0.9273986365557462,0.9124592949979184,0.8836016819203784,0.9386249103847191,0.0,0.0,0.0,0.0,0.0,0.0,-15.771459118666668,-20.194050623183333,-11.773331995349999,,,,,,,,,
ur5e,constructed_inexecutable,full_cghik,always_hard,500,0.9017780462113582,0.8739716860723347,0.9270870479312514,0.9124592949979184,0.8836016819203784,0.9386249103847191,0.0,0.0,0.0,0.0,0.0,0.0,-15.790100948666666,-20.210051703616667,-11.77758367885,,,,,,,,,
ur5e,constructed_inexecutable,full_cghik,reject_only_hard,500,0.9996946097720263,0.9989738281662731,1.0004036610294285,1.0,1.0,1.0,0.0,0.0,0.0,0.0,0.0,0.0,-0.044285727333333746,-0.1480572978500002,0.05872775511666491,,,,,,,,,
ur5e,constructed_inexecutable,full_cghik,p50_selection,500,0.9998714249493345,0.9992449869955404,1.00051715572026,1.0,1.0,1.0,0.0,0.0,0.0,0.0,0.0,0.0,-0.018641830000000643,-0.10907890456666797,0.07539009849999753,,,,,,,,,
ur5e,constructed_inexecutable,full_cghik,geometry_threshold,500,0.9994855590707089,0.9987001218213007,1.0002695680650149,1.0,1.0,1.0,0.0,0.0,0.0,0.0,0.0,0.0,-0.07461651933333324,-0.18838641545000098,0.039360450266667915,,,,,,,,,
ur5e,constructed_inexecutable,full_cghik,routing_only,500,0.8941554495700339,0.8669147345253577,0.919167211543165,0.8910205718231736,0.8633922175086489,0.9160057842021693,0.0,0.0,0.0,0.0,0.0,0.0,-17.160560586,-21.565954348466665,-13.177110449450002,,,,,,,,,
ur5e,constructed_inexecutable,full_cghik,trac_ik_100ms,500,1.4475410021646529,1.382641596845846,1.5103692380263367,,,,0.0,0.0,0.0,0.0,0.0,0.0,44.82062951066667,38.321904276766666,51.112758338000006,,,,,,,,,
ur5e,constructed_inexecutable,full_cghik,trac_ik_20ms,500,7.192886774499911,6.870923431808962,7.505635169462676,,,,0.0,0.0,0.0,0.0,0.0,0.0,124.81475019666665,118.31936421495,131.10830856373335,,,,,,,,,
ur5e,constructed_inexecutable,full_cghik,trac_ik_400ms,500,0.36228004270360165,0.34604451039749884,0.3780042285686257,,,,0.0,0.0,0.0,0.0,0.0,0.0,-255.18879086133333,-261.6861546919333,-248.89646841666664,,,,,,,,,
ur5e,constructed_inexecutable,full_cghik,trac_ik_5ms,500,28.09856673655069,26.834775258384933,29.31810467610854,,,,0.0,0.0,0.0,0.0,0.0,0.0,139.80997227133335,133.31458750015,146.1028837858167,,,,,,,,,
