robot,method,baseline,metric,difference,difference_ci,ratio,ratio_ci
panda,single_gn_k1,single_gn_k0,completion,0.025,"[0.0,0.075]",1.0256410256410255,"[1.0,1.0810810810810811]"
panda,single_gn_k1,single_gn_k0,deadline_completion,0.025,"[0.0,0.075]",1.0256410256410255,"[1.0,1.0810810810810811]"
panda,single_gn_k1,single_gn_k0,total_latency_ns,-2457923.6416666666,"[-7676212.964583332,243410.5116666666]",0.9430300403402048,"[0.8410316580326772,1.0060057342081046]"
panda,single_gn_k1,single_gn_k0,frame_success,0.004666666666666666,"[0.0,0.013999999999999999]",1.0046885465505693,"[1.0,1.0141987829614605]"
panda,single_gn_k1,single_gn_k0,successful_prefix,0.7,"[0.0,2.1]",1.0046885465505693,"[1.0,1.0141987829614605]"
panda,single_gn_k1,single_gn_k0,acceleration_rms,0.12101410825801936,"[-0.09847240339470412,0.3303930137805355]",1.0391209008485578,"[0.9687100658300287,1.1150440405515136]"
panda,single_gn_k1,trac_task_5ms,completion,0.08333333333333334,"[0.01666666666666667,0.16666666666666669]",1.0909090909090908,"[1.016949152542373,1.2000000000000002]"
panda,single_gn_k1,trac_task_5ms,deadline_completion,0.09166666666666667,"[0.025,0.175]",1.1009174311926606,"[1.0256410256410255,1.2121212121212122]"
panda,single_gn_k1,trac_task_5ms,total_latency_ns,-4156003.85,"[-22810409.25833333,10216077.804166667]",0.9073195357273376,"[0.64084420415063,1.333155532823841]"
panda,single_gn_k1,trac_task_5ms,frame_success,0.02327777777777778,"[0.005277777777777779,0.04683750000000002]",1.0238325464990614,"[1.005305780508238,1.049139051048887]"
panda,single_gn_k1,trac_task_5ms,successful_prefix,4.125,"[0.7916666666666667,8.925]",1.0282776349614395,"[1.0053057805082377,1.063264221158958]"
panda,single_gn_k1,trac_task_5ms,acceleration_rms,-0.851852428416515,"[-1.8073140503904555,0.028984665089549517]",0.7905042043447604,"[0.6246305539751916,1.0081273985276171]"
panda,single_gn_k1,pink_qp,completion,0.075,"[0.0,0.15]",1.0810810810810811,"[1.0,1.1764705882352942]"
panda,single_gn_k1,pink_qp,deadline_completion,0.075,"[0.0,0.15]",1.0810810810810811,"[1.0,1.1764705882352942]"
panda,single_gn_k1,pink_qp,total_latency_ns,-95625429.40833333,"[-99208901.04187499,-91284235.226875]",0.29847972280556817,"[0.29038759126394137,0.30860912173755467]"
panda,single_gn_k1,pink_qp,frame_success,0.016833333333333336,"[0.0,0.03650000000000001]",1.01712154602475,"[1.0,1.0378827192527247]"
panda,single_gn_k1,pink_qp,successful_prefix,2.525,"[0.0,5.475]",1.01712154602475,"[1.0,1.0378827192527245]"
panda,single_gn_k1,pink_qp,acceleration_rms,-0.9900981926900696,"[-2.2886416885750105,0.37311372037560514]",0.7645117700068301,"[0.562136820117787,1.112965527539827]"
panda,single_gn_k0,trac_task_5ms,completion,0.058333333333333334,"[0.0,0.13333333333333336]",1.0636363636363635,"[1.0,1.153846153846154]"
panda,single_gn_k0,trac_task_5ms,deadline_completion,0.06666666666666668,"[0.008333333333333335,0.14166666666666666]",1.0733944954128443,"[1.0086206896551724,1.1650485436893205]"
panda,single_gn_k0,trac_task_5ms,total_latency_ns,-1698080.2083333351,"[-18633964.59708333,11306021.436041666]",0.9621321664366234,"[0.7031635975627515,1.3730751745853353]"
panda,single_gn_k0,trac_task_5ms,frame_success,0.018611111111111113,"[0.0026666666666666726,0.04011111111111111]",1.0190546612820657,"[1.0026990553306343,1.041787243893969]"
panda,single_gn_k0,trac_task_5ms,successful_prefix,3.425,"[0.4,7.800208333333334]",1.0234790059982861,"[1.0026990553306343,1.0551115876594608]"
panda,single_gn_k0,trac_task_5ms,acceleration_rms,-0.9728665366745343,"[-1.9882598676463477,-0.0306611328362324]",0.7607432433504376,"[0.5781678727755866,0.991486899922939]"
panda,single_gn_k0,pink_qp,completion,0.05,"[0.0,0.125]",1.054054054054054,"[1.0,1.1470588235294117]"
panda,single_gn_k0,pink_qp,deadline_completion,0.05,"[0.0,0.125]",1.054054054054054,"[1.0,1.1470588235294117]"
panda,single_gn_k0,pink_qp,total_latency_ns,-93167505.76666667,"[-98381154.33125,-86460653.13229167]",0.31651136235054556,"[0.2917958401458771,0.35848920173129284]"
panda,single_gn_k0,pink_qp,frame_success,0.01216666666666667,"[0.0,0.030000000000000016]",1.0123749788099676,"[1.0,1.0310811222064176]"
panda,single_gn_k0,pink_qp,successful_prefix,1.825,"[0.0,4.5]",1.0123749788099679,"[1.0,1.0310811222064173]"
panda,single_gn_k0,pink_qp,acceleration_rms,-1.1111123009480888,"[-2.409439129936543,0.29564781338362667]",0.7357293741108674,"[0.5366255317547509,1.0879242855910545]"
ur5e,single_gn_k1,single_gn_k0,completion,0.0,"[0.0,0.0]",1.0,"[1.0,1.0]"
ur5e,single_gn_k1,single_gn_k0,deadline_completion,0.008333333333333335,"[0.0,0.025]",1.0084033613445378,"[1.0,1.0256410256410255]"
ur5e,single_gn_k1,single_gn_k0,total_latency_ns,-493611.325,"[-1316111.8697916667,-40385.34958333363]",0.9874717738605744,"[0.9672850593277272,0.9989643251818504]"
ur5e,single_gn_k1,single_gn_k0,frame_success,0.0,"[0.0,0.0]",1.0,"[1.0,1.0]"
ur5e,single_gn_k1,single_gn_k0,successful_prefix,0.0,"[0.0,0.0]",1.0,"[1.0,1.0]"
ur5e,single_gn_k1,single_gn_k0,acceleration_rms,0.05218407467956154,"[-0.2542843601966833,0.3223334874774152]",1.009085201696091,"[0.9576591207009062,1.0614285456539387]"
ur5e,single_gn_k1,trac_task_5ms,completion,0.03333333333333334,"[0.0,0.09166666666666667]",1.0344827586206897,"[1.0,1.1009174311926606]"
ur5e,single_gn_k1,trac_task_5ms,deadline_completion,0.03333333333333334,"[0.0,0.09166666666666667]",1.0344827586206897,"[1.0,1.1009174311926606]"
ur5e,single_gn_k1,trac_task_5ms,total_latency_ns,10796040.325,"[3999533.4689583327,14569936.680000003]",1.3840601422631573,"[1.1148206835875303,1.5978456181832148]"
ur5e,single_gn_k1,trac_task_5ms,frame_success,0.004222222222222222,"[0.0,0.01261111111111111]",1.0042401249721045,"[1.0,1.0127721825240534]"
ur5e,single_gn_k1,trac_task_5ms,successful_prefix,1.525,"[0.0,3.95]",1.0102710894089915,"[1.0,1.0270455323519343]"
ur5e,single_gn_k1,trac_task_5ms,acceleration_rms,-4.462337773686768,"[-6.247128998006568,-2.7597864035009634]",0.5650054437196143,"[0.4401430181678888,0.7008291060709754]"
ur5e,single_gn_k1,pink_qp,completion,0.05,"[0.0,0.125]",1.0526315789473684,"[1.0,1.1428571428571428]"
ur5e,single_gn_k1,pink_qp,deadline_completion,0.058333333333333334,"[0.0,0.13333333333333336]",1.0619469026548674,"[1.0,1.153846153846154]"
ur5e,single_gn_k1,pink_qp,total_latency_ns,-56854332.55833334,"[-57855272.77312499,-56142422.383125]",0.40628716009866134,"[0.40205803179351507,0.4095681527078141]"
ur5e,single_gn_k1,pink_qp,frame_success,0.012333333333333335,"[0.0,0.03683333333333334]",1.0124873439082012,"[1.0,1.038241910365115]"
ur5e,single_gn_k1,pink_qp,successful_prefix,3.75,"[0.0,9.425]",1.0256410256410255,"[1.0,1.0670460608216255]"
ur5e,single_gn_k1,pink_qp,acceleration_rms,-6.309608834155159,"[-8.55238333627615,-4.191086006786098]",0.4787879793744071,"[0.3797107618529127,0.5895559306124939]"
ur5e,single_gn_k0,trac_task_5ms,completion,0.03333333333333334,"[0.0,0.09166666666666667]",1.0344827586206897,"[1.0,1.1009174311926606]"
ur5e,single_gn_k0,trac_task_5ms,deadline_completion,0.025,"[-0.01666666666666667,0.08333333333333334]",1.0258620689655173,"[0.9833333333333332,1.0917431192660554]"
ur5e,single_gn_k0,trac_task_5ms,total_latency_ns,11289651.65,"[4403945.717291665,15277985.971874999]",1.4016199540085073,"[1.1271884464311046,1.6233365520965075]"
ur5e,single_gn_k0,trac_task_5ms,frame_success,0.004222222222222222,"[0.0,0.01261111111111111]",1.0042401249721045,"[1.0,1.0127721825240534]"
ur5e,single_gn_k0,trac_task_5ms,successful_prefix,1.525,"[0.0,3.95]",1.0102710894089915,"[1.0,1.0270455323519343]"
ur5e,single_gn_k0,trac_task_5ms,acceleration_rms,-4.514521848366329,"[-6.415640539380168,-2.7060153734671917]",0.559918471472916,"[0.42485765037758194,0.7061967392654773]"
ur5e,single_gn_k0,pink_qp,completion,0.05,"[0.0,0.125]",1.0526315789473684,"[1.0,1.1428571428571428]"
ur5e,single_gn_k0,pink_qp,deadline_completion,0.05,"[-0.008333333333333335,0.125]",1.0530973451327434,"[0.9915966386554621,1.1442307692307692]"
ur5e,single_gn_k0,pink_qp,total_latency_ns,-56360721.23333333,"[-57550771.100208335,-55182516.818125]",0.4114417959616807,"[0.40401502149836954,0.42178352002530195]"
ur5e,single_gn_k0,pink_qp,frame_success,0.012333333333333335,"[0.0,0.03683333333333334]",1.0124873439082012,"[1.0,1.038241910365115]"
ur5e,single_gn_k0,pink_qp,successful_prefix,3.75,"[0.0,9.425]",1.0256410256410255,"[1.0,1.0670460608216255]"
ur5e,single_gn_k0,pink_qp,acceleration_rms,-6.36179290883472,"[-8.77200438175513,-4.103636023658055]",0.47447725778720223,"[0.36387267141885304,0.6004785550587397]"
