robot,uid,method,repeat,family,frame,previous_q,target_position,target_rotation,q,position_error,orientation_error,failure_kind,total_latency_ns
panda,4e626ba28da6a8d45d22f023c3732e2d796c83a0e74df2aa41168fe26f6dccab,trac_task_20ms,1,near_singular,115,"[-2.1777360290118764,0.04922465356973456,2.4754174080915905,-0.556371663199874,-2.892652192295247,2.0616980002371594,-1.7478728430536608]","[0.20861375575358249,0.026903607247617728,1.1614330491751486]","[[0.34229102437705455,0.8425791812818971,-0.41580906423650105],[-0.9074290555980031,0.18164137962248073,-0.3789180891239665],[-0.24374036121952192,0.507017487350456,0.8267550446374108]]","[-2.1777360290118764,0.04922465356973456,2.4754174080915905,-0.556371663199874,-2.892652192295247,2.0616980002371594,-1.7478728430536608]",0.0028194141051995623,0.0037137856103122246,internal_nonconvergence+position_tolerance,20275908
panda,4e626ba28da6a8d45d22f023c3732e2d796c83a0e74df2aa41168fe26f6dccab,trac_task_5ms,0,near_singular,115,"[-2.1582761149063154,0.05122880454847949,2.461895642760048,-0.5582552116720377,-2.8972818628941726,2.060192687041877,-1.7559175684665664]","[0.20861375575358249,0.026903607247617728,1.1614330491751486]","[[0.34229102437705455,0.8425791812818971,-0.41580906423650105],[-0.9074290555980031,0.18164137962248073,-0.3789180891239665],[-0.24374036121952192,0.507017487350456,0.8267550446374108]]","[-2.1582761149063154,0.05122880454847949,2.461895642760048,-0.5582552116720377,-2.8972818628941726,2.060192687041877,-1.7559175684665664]",0.0028516565518284217,0.0053347909235294194,internal_nonconvergence+position_tolerance,5203252
panda,b47f91198895baa3999a406c9c32516cd3e78dd7e42a8bccccc4cd058a03020a,trac_task_5ms,0,joint_limit_return,74,"[-1.2276935238994304,0.5469913959315978,0.29130643850930327,-0.9645707950288221,2.896442866349009,2.7805231895803066,0.4743551554602824]","[0.3569148782906584,-0.6533742062748258,0.6344994544290563]","[[0.5203477485650665,0.6856813383513327,0.5089983524531209],[-0.12868594654447588,0.6522038563142368,-0.7470408670017928],[-0.8442026698164478,0.32322009845546956,0.4276103602921915]]","[-1.2276935238994304,0.5469913959315978,0.29130643850930327,-0.9645707950288221,2.896442866349009,2.7805231895803066,0.4743551554602824]",0.01332451384978237,0.023708013989819445,internal_nonconvergence+position_tolerance+orientation_tolerance,5226407
panda,4e626ba28da6a8d45d22f023c3732e2d796c83a0e74df2aa41168fe26f6dccab,trac_task_5ms,2,near_singular,114,"[-2.1650076601793993,0.05509869220395743,2.4622712231626616,-0.5631434499789119,-2.8951132312559675,2.061251462415889,-1.7436954835049938]","[0.2093997000375418,0.023992813196638395,1.161449008205382]","[[0.34203163240143825,0.8440123545533905,-0.41310713840122565],[-0.9070865282734593,0.18175357540054604,-0.3796836420678684],[-0.24537398529919738,0.5045877358699475,0.8277577086007893]]","[-2.1650076601793993,0.05509869220395743,2.4622712231626616,-0.5631434499789119,-2.8951132312559675,2.061251462415889,-1.7436954835049938]",0.0031515316692470392,0.004862638596958742,internal_nonconvergence+position_tolerance,5224849
panda,9a94337fb5b3319c8ba9dcce20e827630b16d9a348f1f3aa8709c5d0df3406af,tar_free,0,near_singular,103,"[0.6997256973829027,-0.031003369949977596,-1.4680797462002872,-0.4020317670468863,1.1332170761962415,1.9598217599763554,-0.24117137673575137]","[0.19139148111699547,-0.13262753691101692,1.13732850773617]","[[-0.17695378338125634,0.2872988901746642,0.9413536563117315],[-0.18875344529491678,-0.9485997388356097,0.2540288809767745],[0.9659500481061939,-0.13273237429285922,0.22208696805130665]]",,,,non_finite_or_wrong_shape,13014761
panda,ea5503530085a4b7fba1457389f090742de31c9aa6ebe8907aa867289b032370,tar_free,2,near_singular,97,"[0.806434767260549,-0.16848865279030523,1.2055942674257127,-0.2383072452615358,1.5971370248887795,2.8315503512487097,1.8785265569170946]","[-0.10767653332355281,0.028146647630154564,1.169001223425841]","[[-0.6255444615242494,-0.6130684140090116,-0.4825362643375235],[0.718319265299722,-0.6939478146464421,-0.049536488033520266],[-0.3044857299703957,-0.37760237061213314,0.8744740647683571]]",,,,non_finite_or_wrong_shape,7981879
panda,4e626ba28da6a8d45d22f023c3732e2d796c83a0e74df2aa41168fe26f6dccab,pink_qp,2,near_singular,122,"[-2.580960908165891,0.045225535505242616,2.8972999999999995,-0.5738462902928353,-2.8972999999999995,2.0299278701804253,-1.7646994928786397]","[0.20345807338386102,0.045433628449392,1.1610273074352238]","[[0.34441197335250046,0.8332610360490273,-0.43250021781952736],[-0.9093383559548955,0.18154820955192075,-0.3743581199837129],[-0.2334183947350436,0.5222224558662657,0.8202435977124855]]","[-2.578042024040462,0.036008619969428904,2.8972999999999995,-0.5589157909530367,-2.8972999999999995,2.0324139277175353,-1.7685271154541125]",0.0012992839328331773,0.004631253155571994,position_tolerance,821880
panda,ca9065ec04392f64d1cce7cea6e6ae7ba224495be6a41fa0902e34ddeb925465,tar_free,0,near_singular,98,"[2.241162246536177,0.02349809610804964,1.8109601347706512,-0.5481657823710333,1.1543258487876251,0.24972454638122046,-0.1090336639551179]","[-0.055278162469728824,-0.2186246989155838,0.929278974894687]","[[0.5001065560376069,-0.7404641137967126,0.4490059340225393],[-0.8631322033089802,-0.46812737217694433,0.18936621406600915],[0.0699730821043997,-0.48225476627811315,-0.8732319898989347]]",,,,non_finite_or_wrong_shape,7146380
panda,827f4c481262ed599d5a62ea92d72f83f9d2baecaa5e733c4c0018e796d573d5,pink_qp,1,high_curvature,105,"[-0.29890812302948927,0.6501893171993048,0.15842787091403504,-0.06980000000000001,0.37630819867383475,1.0383314852110515,0.27493358057509076]","[0.5386324067017476,-0.0890863944736938,0.8244160345204308]","[[0.91949543392027,-0.13962573615186571,0.36746809494679145],[-0.27315610011680863,-0.8991820107761838,0.34184419911046454],[0.28269045256030595,-0.4147003319272225,-0.86493337473513]]","[-0.29677849720720634,0.6322722729599511,0.11482787091403505,-0.06980000000000001,0.4139754548757427,1.03909267198161,0.2798914939718913]",0.001411975557762603,0.014032338823747612,position_tolerance+orientation_tolerance,880053
panda,b47f91198895baa3999a406c9c32516cd3e78dd7e42a8bccccc4cd058a03020a,tar_free,0,joint_limit_return,72,"[-1.1388369850553188,0.5316919198964162,0.20714633997190846,-0.9595224519226077,2.8962108121099392,2.7918991248794067,0.5300653601452568]","[0.37719423030748733,-0.6378831642217682,0.6422111927532251]","[[0.5275670504201451,0.6604035474662989,0.534359580998522],[-0.10416908689423132,0.6745619459455053,-0.7308317059472961],[-0.8431024900014291,0.3298989778343376,0.424670290669419]]",,,,non_finite_or_wrong_shape,7047672
panda,4e626ba28da6a8d45d22f023c3732e2d796c83a0e74df2aa41168fe26f6dccab,tar_free,0,near_singular,113,"[-2.107512308427661,0.05799773694963933,2.407142232925625,-0.5607790938940126,-2.895139151170139,2.0705713746366023,-1.7458913238459548]","[0.2101951828709031,0.021021791875536586,1.1614518861885486]","[[0.34178788900162776,0.8454662657569564,-0.4103264948779187],[-0.9067247437488449,0.1818961380037802,-0.3804786906686123],[-0.24704509306076639,0.5020961944152706,0.8287750801926298]]",,,,non_finite_or_wrong_shape,7142388
panda,4e626ba28da6a8d45d22f023c3732e2d796c83a0e74df2aa41168fe26f6dccab,tar_fixed,0,near_singular,116,"[-2.2293194921785178,0.050247888764729035,2.53344814270344,-0.562389979201974,-2.8967913354311157,2.0539758240852697,-1.749017035887157]","[0.2078383010560931,0.029752205632880856,1.161404853321239]","[[0.34256448017927554,0.841168384015161,-0.418431985695197],[-0.9077529242242963,0.18155765964538945,-0.378181761572829],[-0.2421450092026304,0.5093844971702727,0.8257682656537767]]",,,,non_finite_or_wrong_shape,7581966
panda,4e626ba28da6a8d45d22f023c3732e2d796c83a0e74df2aa41168fe26f6dccab,pink_qp,1,near_singular,122,"[-2.580960908165891,0.045225535505242616,2.8972999999999995,-0.5738462902928353,-2.8972999999999995,2.0299278701804253,-1.7646994928786397]","[0.20345807338386102,0.045433628449392,1.1610273074352238]","[[0.34441197335250046,0.8332610360490273,-0.43250021781952736],[-0.9093383559548955,0.18154820955192075,-0.3743581199837129],[-0.2334183947350436,0.5222224558662657,0.8202435977124855]]","[-2.578042024040462,0.036008619969428904,2.8972999999999995,-0.5589157909530367,-2.8972999999999995,2.0324139277175353,-1.7685271154541125]",0.0012992839328331773,0.004631253155571994,position_tolerance,813825
panda,ca9065ec04392f64d1cce7cea6e6ae7ba224495be6a41fa0902e34ddeb925465,trac_task_20ms,0,near_singular,119,"[2.8899529305557334,0.19655983024032023,1.6684115930906993,-0.670958274516877,0.853622263154495,0.34701334418631113,0.08225337576971722]","[-0.06234755816855856,-0.2584147739463928,0.9085985723227469]","[[0.5505424179895927,-0.6860724429890204,0.47561291925814],[-0.8345978352700153,-0.4395820439607435,0.3319850598895969],[-0.01869490189268268,-0.5797173704473346,-0.8146031371440027]]","[2.8899529305557334,0.19655983024032023,1.6684115930906993,-0.670958274516877,0.853622263154495,0.34701334418631113,0.08225337576971722]",0.0018758060876812221,0.008606775170503138,internal_nonconvergence+position_tolerance,20300420
panda,ea5503530085a4b7fba1457389f090742de31c9aa6ebe8907aa867289b032370,trac_task_5ms,2,near_singular,99,"[0.8242821087563753,-0.1561679845343347,1.374663933354482,-0.2284173374435376,1.3987408693720045,2.847549829986166,1.886697436646594]","[-0.11412515100682759,0.018190245096763476,1.1682525736584712]","[[-0.6194919440349873,-0.6123489129678776,-0.49118076108782055],[0.7267188609516686,-0.6839586446536554,-0.06387698756707258],[-0.29683232373321716,-0.39652160242613915,0.8687123749530365]]","[0.8242821087563753,-0.1561679845343347,1.374663933354482,-0.2284173374435376,1.3987408693720045,2.847549829986166,1.886697436646594]",0.006207886925208434,0.015932611754555098,internal_nonconvergence+position_tolerance+orientation_tolerance,5242663
panda,ca9065ec04392f64d1cce7cea6e6ae7ba224495be6a41fa0902e34ddeb925465,tar_nominal,2,near_singular,118,"[2.872457470845033,0.18105902418770767,1.6502441852022551,-0.6674920237878883,0.8811172661378902,0.3386783812859187,0.0730645856836404]","[-0.06191101117000993,-0.2569398691732451,0.9094463974840075]","[[0.5485944334063589,-0.6883113438429131,0.4746278980135061],[-0.8359417731707867,-0.44091363393388183,0.32679736730778625],[-0.01566842377641365,-0.5760405032186382,-0.8172709704547085]]",,,,non_finite_or_wrong_shape,6144226
panda,b47f91198895baa3999a406c9c32516cd3e78dd7e42a8bccccc4cd058a03020a,trac_task_20ms,0,joint_limit_return,73,"[-1.1429938810550933,0.5302298946316499,0.18326512594078373,-0.9705400800386776,2.8972999132128745,2.7783448660253507,0.5410481397830927]","[0.36718022786213744,-0.6456649115598345,0.6383994232620955]","[[0.5241274377818539,0.6731086477366566,0.5217424434587996],[-0.11649758149778397,0.6635404311226599,-0.7390144854945144],[-0.8436342468566553,0.3265560359382205,0.4261952755755508]]","[-1.1429938810550933,0.5302298946316499,0.18326512594078373,-0.9705400800386776,2.8972999132128745,2.7783448660253507,0.5410481397830927]",0.012755522025085493,0.026485291702420508,internal_nonconvergence+position_tolerance+orientation_tolerance,20278760
panda,b47f91198895baa3999a406c9c32516cd3e78dd7e42a8bccccc4cd058a03020a,tar_nominal,0,joint_limit_return,71,"[-1.1467600075935112,0.531065808600437,0.2435423607362442,-0.9534754261459779,2.891486656447401,2.8053245395958784,0.5173203794588674]","[0.38693943824308696,-0.6300532542719856,0.6459277823269656]","[[0.5306617129559349,0.6476029799554461,0.5468167213568902],[-0.09173420140043374,0.685240687155057,-0.7225164613769637],[-0.8426048793450567,0.33325002778708235,0.42303833902355853]]",,,,non_finite_or_wrong_shape,6193086
panda,40c3eae024871d71025c88c09b1bbffc1b50b311548d53112ed8d4118883654a,tar_free,0,near_singular,116,"[-0.9931541640075434,0.63218488380393,-0.87972915162602,-0.7015315101088011,1.1034822567792113,3.4914986116300994,-1.9200957913999859]","[0.04976562037953118,-0.5839767786533503,0.8852328525026446]","[[0.960586057210699,-0.21820004098606993,-0.17222998811496512],[0.007762088386530762,0.6403830879809382,-0.7680164390245027],[0.2778743901051033,0.7364090186449888,0.6168367535921003]]",,,,non_finite_or_wrong_shape,7220302
panda,b47f91198895baa3999a406c9c32516cd3e78dd7e42a8bccccc4cd058a03020a,trac_task_5ms,1,joint_limit_return,72,"[-1.1381095136692312,0.5275370973194509,0.20223143376713396,-0.9664675577421528,2.8952383962687813,2.7885897661912638,0.5349013950648823]","[0.37719423030748733,-0.6378831642217682,0.6422111927532251]","[[0.5275670504201451,0.6604035474662989,0.534359580998522],[-0.10416908689423132,0.6745619459455053,-0.7308317059472961],[-0.8431024900014291,0.3298989778343376,0.424670290669419]]","[-1.1381095136692312,0.5275370973194509,0.20223143376713396,-0.9664675577421528,2.8952383962687813,2.7885897661912638,0.5349013950648823]",0.012460114408500908,0.024718761193857193,internal_nonconvergence+position_tolerance+orientation_tolerance,5213846
panda,ea5503530085a4b7fba1457389f090742de31c9aa6ebe8907aa867289b032370,tar_fixed,1,near_singular,91,"[0.8345029072778023,-0.14130554744485976,1.1113975087460448,-0.26919494849963754,1.666038506854654,2.8377426800946335,1.8999559778005068]","[-0.0876088670778926,0.05987856614116665,1.1700859576871954]","[[-0.645105860289506,-0.613757973873873,-0.45512589305199364],[0.6905720154310897,-0.7232552186426011,-0.003490015714314948],[-0.3270301523156229,-0.31654863482959683,0.8904202610362925]]",,,,non_finite_or_wrong_shape,7274590
panda,d8e06950cec2579c739f7f6d3dbb3628755dfd76be5740fad3bec38b4ef94cc6,tar_free,1,near_singular,89,"[0.6050563422131969,-0.24696143219360783,0.6357124898649253,-0.47185840741266316,0.45630160174025425,2.0237387959312,1.926304562062532]","[-0.09314321448405684,0.16591634588112708,1.14578680719234]","[[0.9313837355429457,-0.350135604580247,-0.0996463525237773],[0.1467957337636132,0.11074564687111972,0.9829478186800658],[-0.3331296289957865,-0.9301292706416253,0.15454510726906712]]",,,,non_finite_or_wrong_shape,7093196
panda,4e626ba28da6a8d45d22f023c3732e2d796c83a0e74df2aa41168fe26f6dccab,tar_free,1,near_singular,113,"[-2.106968891112756,0.05799214777019829,2.4066460777531598,-0.5607333539072299,-2.8951588589058797,2.070578286181803,-1.7459398763594776]","[0.2101951828709031,0.021021791875536586,1.1614518861885486]","[[0.34178788900162776,0.8454662657569564,-0.4103264948779187],[-0.9067247437488449,0.1818961380037802,-0.3804786906686123],[-0.24704509306076639,0.5020961944152706,0.8287750801926298]]",,,,non_finite_or_wrong_shape,7064955
panda,ea5503530085a4b7fba1457389f090742de31c9aa6ebe8907aa867289b032370,tar_nominal,2,near_singular,100,"[0.7675175929190159,-0.1937052832845984,1.1689725912242883,-0.2259586682367382,1.6637472194460756,2.8175225963006514,1.8780508600148809]","[-0.1172958281922223,0.013336643432181897,1.1678153252287564]","[[-0.6165582280251322,-0.6119093541751842,-0.49540174982272517],[0.7307576616494356,-0.6789504525921797,-0.07084859113294417],[-0.2930003266127155,-0.40570090608449855,0.8657699367655699]]",,,,non_finite_or_wrong_shape,6127370
panda,ca9065ec04392f64d1cce7cea6e6ae7ba224495be6a41fa0902e34ddeb925465,tar_fixed,1,near_singular,103,"[2.5746144540028086,0.09442211391423551,1.716007619266674,-0.5933296146652691,0.9909800568561287,0.30029249665473173,-0.0382786239318308]","[-0.05629312155298431,-0.22965194111559598,0.9239757163836978]","[[0.5136994215206608,-0.7265164816355448,0.4563843843091563],[-0.8568365463972681,-0.46175451678451757,0.2293771980539884],[0.04409123594707085,-0.5088777536314649,-0.8597089011820536]]",,,,non_finite_or_wrong_shape,7354033
panda,b47f91198895baa3999a406c9c32516cd3e78dd7e42a8bccccc4cd058a03020a,trac_task_20ms,1,joint_limit_return,73,"[-1.1667393296719493,0.5334557403896241,0.22020826496115825,-0.968101526305258,2.8972853654790383,2.7823466097851672,0.5182483162864551]","[0.36718022786213744,-0.6456649115598345,0.6383994232620955]","[[0.5241274377818539,0.6731086477366566,0.5217424434587996],[-0.11649758149778397,0.6635404311226599,-0.7390144854945144],[-0.8436342468566553,0.3265560359382205,0.4261952755755508]]","[-1.1667393296719493,0.5334557403896241,0.22020826496115825,-0.968101526305258,2.8972853654790383,2.7823466097851672,0.5182483162864551]",0.012652334917629168,0.024099796627463296,internal_nonconvergence+position_tolerance+orientation_tolerance,20243191
panda,ca9065ec04392f64d1cce7cea6e6ae7ba224495be6a41fa0902e34ddeb925465,tar_nominal,0,near_singular,99,"[2.195413328739537,0.003155440605547314,1.8030785671643306,-0.5464893144571206,1.2130052182486275,0.23302031685082503,-0.10167580593831728]","[-0.05543068790185998,-0.22089743411382476,0.9282108245041313]","[[0.5028886681400038,-0.7376505645673102,0.45052706028595185],[-0.8619361113418139,-0.46691079496016247,0.19763716632916234],[0.06456878054698884,-0.48771503374736924,-0.8706118069699476]]",,,,non_finite_or_wrong_shape,6545869
panda,b47f91198895baa3999a406c9c32516cd3e78dd7e42a8bccccc4cd058a03020a,tar_free,1,joint_limit_return,74,"[-1.195707138069863,0.5348872475154888,0.23704384999010286,-0.9802551504357873,2.8967746257172227,2.7686252381538976,0.5046619074861227]","[0.3569148782906584,-0.6533742062748258,0.6344994544290563]","[[0.5203477485650665,0.6856813383513327,0.5089983524531209],[-0.12868594654447588,0.6522038563142368,-0.7470408670017928],[-0.8442026698164478,0.32322009845546956,0.4276103602921915]]",,,,non_finite_or_wrong_shape,7049896
panda,4e626ba28da6a8d45d22f023c3732e2d796c83a0e74df2aa41168fe26f6dccab,tar_nominal,0,near_singular,114,"[-2.155452760451924,0.056572129680771556,2.4559440451572594,-0.5639169346855945,-2.8972999999999995,2.0629858922591287,-1.7500721804800745]","[0.2093997000375418,0.023992813196638395,1.161449008205382]","[[0.34203163240143825,0.8440123545533905,-0.41310713840122565],[-0.9070865282734593,0.18175357540054604,-0.3796836420678684],[-0.24537398529919738,0.5045877358699475,0.8277577086007893]]",,,,non_finite_or_wrong_shape,6196464
panda,4e626ba28da6a8d45d22f023c3732e2d796c83a0e74df2aa41168fe26f6dccab,tar_nominal,1,near_singular,113,"[-2.09770319570127,0.051651109444689716,2.385986166694603,-0.5526514553740477,-2.884829249933528,2.071956631682444,-1.7467094109919767]","[0.2101951828709031,0.021021791875536586,1.1614518861885486]","[[0.34178788900162776,0.8454662657569564,-0.4103264948779187],[-0.9067247437488449,0.1818961380037802,-0.3804786906686123],[-0.24704509306076639,0.5020961944152706,0.8287750801926298]]",,,,non_finite_or_wrong_shape,6239046
panda,4e626ba28da6a8d45d22f023c3732e2d796c83a0e74df2aa41168fe26f6dccab,trac_task_20ms,2,near_singular,114,"[-2.1131420174895226,0.05329229352184089,2.4144758298669213,-0.5556927644074319,-2.8931412652188895,2.069357669246217,-1.757302774798181]","[0.2093997000375418,0.023992813196638395,1.161449008205382]","[[0.34203163240143825,0.8440123545533905,-0.41310713840122565],[-0.9070865282734593,0.18175357540054604,-0.3796836420678684],[-0.24537398529919738,0.5045877358699475,0.8277577086007893]]","[-2.1131420174895226,0.05329229352184089,2.4144758298669213,-0.5556927644074319,-2.8931412652188895,2.069357669246217,-1.757302774798181]",0.002909214089364524,0.00831229235061765,internal_nonconvergence+position_tolerance,20261368
panda,4e626ba28da6a8d45d22f023c3732e2d796c83a0e74df2aa41168fe26f6dccab,pink_qp,0,near_singular,122,"[-2.580960908165891,0.045225535505242616,2.8972999999999995,-0.5738462902928353,-2.8972999999999995,2.0299278701804253,-1.7646994928786397]","[0.20345807338386102,0.045433628449392,1.1610273074352238]","[[0.34441197335250046,0.8332610360490273,-0.43250021781952736],[-0.9093383559548955,0.18154820955192075,-0.3743581199837129],[-0.2334183947350436,0.5222224558662657,0.8202435977124855]]","[-2.578042024040462,0.036008619969428904,2.8972999999999995,-0.5589157909530367,-2.8972999999999995,2.0324139277175353,-1.7685271154541125]",0.0012992839328331773,0.004631253155571994,position_tolerance,820738
panda,4e626ba28da6a8d45d22f023c3732e2d796c83a0e74df2aa41168fe26f6dccab,trac_task_20ms,0,near_singular,115,"[-2.1701475186508623,0.04942419240103458,2.4692080158211933,-0.556438386866314,-2.8917864685463477,2.060816765465533,-1.7549567462377484]","[0.20861375575358249,0.026903607247617728,1.1614330491751486]","[[0.34229102437705455,0.8425791812818971,-0.41580906423650105],[-0.9074290555980031,0.18164137962248073,-0.3789180891239665],[-0.24374036121952192,0.507017487350456,0.8267550446374108]]","[-2.1701475186508623,0.04942419240103458,2.4692080158211933,-0.556438386866314,-2.8917864685463477,2.060816765465533,-1.7549567462377484]",0.0028943698164195933,0.005802441642157868,internal_nonconvergence+position_tolerance,20268896
panda,4e626ba28da6a8d45d22f023c3732e2d796c83a0e74df2aa41168fe26f6dccab,trac_task_5ms,1,near_singular,113,"[-2.1440197000234127,0.05233066540568019,2.427774312011095,-0.5557255334171045,-2.8839581079464547,2.071042583608095,-1.7404271449207174]","[0.2101951828709031,0.021021791875536586,1.1614518861885486]","[[0.34178788900162776,0.8454662657569564,-0.4103264948779187],[-0.9067247437488449,0.1818961380037802,-0.3804786906686123],[-0.24704509306076639,0.5020961944152706,0.8287750801926298]]","[-2.1440197000234127,0.05233066540568019,2.427774312011095,-0.5557255334171045,-2.8839581079464547,2.071042583608095,-1.7404271449207174]",0.0028899544480623426,0.003741911647109934,internal_nonconvergence+position_tolerance,5259339
panda,4e626ba28da6a8d45d22f023c3732e2d796c83a0e74df2aa41168fe26f6dccab,tar_fixed,2,near_singular,115,"[-2.1653373461508867,0.05199857144435622,2.4691293429899424,-0.5593516354980393,-2.8957470274129324,2.0612051957673305,-1.7537377125562101]","[0.20861375575358249,0.026903607247617728,1.1614330491751486]","[[0.34229102437705455,0.8425791812818971,-0.41580906423650105],[-0.9074290555980031,0.18164137962248073,-0.3789180891239665],[-0.24374036121952192,0.507017487350456,0.8267550446374108]]",,,,non_finite_or_wrong_shape,7383774
panda,ea5503530085a4b7fba1457389f090742de31c9aa6ebe8907aa867289b032370,tar_fixed,2,near_singular,93,"[0.919250204347709,-0.12061340123599422,1.2763956437827562,-0.2610454689308758,1.4204409620019953,2.8648512080624102,1.8913874185307367]","[-0.09440275994367925,0.04900663477280743,1.1699343623012006]","[[-0.6383613534216706,-0.6137933405483921,-0.4644916765197182],[0.7002405716577843,-0.7136453834461497,-0.019323780436990894],[-0.31962153285101497,-0.33759147172943077,0.8853666325051583]]",,,,non_finite_or_wrong_shape,7306145
panda,b47f91198895baa3999a406c9c32516cd3e78dd7e42a8bccccc4cd058a03020a,tar_fixed,2,joint_limit_return,72,"[-1.1791843350938296,0.5342488262804378,0.26679606521847166,-0.9616646581017194,2.8951945839785553,2.7938804350311695,0.4997526791023042]","[0.37719423030748733,-0.6378831642217682,0.6422111927532251]","[[0.5275670504201451,0.6604035474662989,0.534359580998522],[-0.10416908689423132,0.6745619459455053,-0.7308317059472961],[-0.8431024900014291,0.3298989778343376,0.424670290669419]]",,,,non_finite_or_wrong_shape,7298267
panda,ca9065ec04392f64d1cce7cea6e6ae7ba224495be6a41fa0902e34ddeb925465,pink_qp,0,near_singular,122,"[2.8972999999999995,0.2208501889085296,1.71267687290282,-0.6933050514508895,0.8237396789143764,0.3642165226420566,0.10348506575471131]","[-0.06365257251620854,-0.26256401938349483,0.9061759282087597]","[[0.5560616649394297,-0.6796655486174742,0.47838286633960614],[-0.8306996908455809,-0.4357232051395866,0.3465303913539789],[-0.02708225274687437,-0.5900847655425395,-0.8068869320175911]]","[2.8972999999999995,0.24092726647793833,1.7562768729028198,-0.7068710601948309,0.7938662328714136,0.37838831385312666,0.11901884516860067]",0.0010549523841012337,0.008031829089156796,position_tolerance,817785
panda,ca9065ec04392f64d1cce7cea6e6ae7ba224495be6a41fa0902e34ddeb925465,tar_fixed,0,near_singular,119,"[2.8951941125100844,0.19190062567281366,1.6523491260824548,-0.6674741171220678,0.8607477406610547,0.3425272666459507,0.07684712140442587]","[-0.06234755816855856,-0.2584147739463928,0.9085985723227469]","[[0.5505424179895927,-0.6860724429890204,0.47561291925814],[-0.8345978352700153,-0.4395820439607435,0.3319850598895969],[-0.01869490189268268,-0.5797173704473346,-0.8146031371440027]]",,,,non_finite_or_wrong_shape,7303963
panda,ca9065ec04392f64d1cce7cea6e6ae7ba224495be6a41fa0902e34ddeb925465,trac_task_20ms,2,near_singular,119,"[2.892744300961782,0.21049785021503747,1.7008640584532764,-0.6733083864968271,0.8255910425633077,0.3558933856897308,0.0925720947152867]","[-0.06234755816855856,-0.2584147739463928,0.9085985723227469]","[[0.5505424179895927,-0.6860724429890204,0.47561291925814],[-0.8345978352700153,-0.4395820439607435,0.3319850598895969],[-0.01869490189268268,-0.5797173704473346,-0.8146031371440027]]","[2.892744300961782,0.21049785021503747,1.7008640584532764,-0.6733083864968271,0.8255910425633077,0.3558933856897308,0.0925720947152867]",0.002075444842783658,0.010307835210653135,internal_nonconvergence+position_tolerance+orientation_tolerance,20294119
panda,40c3eae024871d71025c88c09b1bbffc1b50b311548d53112ed8d4118883654a,tar_free,1,near_singular,91,"[-0.8926011978255566,0.7940836676990839,-1.275222432762241,-0.7511269033028611,1.3697631738794016,3.472784035013512,-1.993564339221068]","[0.05250321597456703,-0.6014324014828548,0.8528604693624913]","[[0.9710873320248631,-0.0377331430422353,-0.23572357433440483],[-0.15904564913548008,0.6341101970079162,-0.7567091512210328],[0.17802773680499132,0.7723214796745824,0.6097750871931032]]",,,,non_finite_or_wrong_shape,7180999
panda,ca9065ec04392f64d1cce7cea6e6ae7ba224495be6a41fa0902e34ddeb925465,trac_task_20ms,1,near_singular,119,"[2.8782219874742223,0.1984126112021747,1.6827241817629386,-0.6760370688307222,0.8567439198736196,0.34958664369643655,0.08888042489892009]","[-0.06234755816855856,-0.2584147739463928,0.9085985723227469]","[[0.5505424179895927,-0.6860724429890204,0.47561291925814],[-0.8345978352700153,-0.4395820439607435,0.3319850598895969],[-0.01869490189268268,-0.5797173704473346,-0.8146031371440027]]","[2.8782219874742223,0.1984126112021747,1.6827241817629386,-0.6760370688307222,0.8567439198736196,0.34958664369643655,0.08888042489892009]",0.0022424836147069997,0.008200635739090953,internal_nonconvergence+position_tolerance,20246826
panda,b47f91198895baa3999a406c9c32516cd3e78dd7e42a8bccccc4cd058a03020a,tar_fixed,0,joint_limit_return,72,"[-1.1540561441660908,0.5343072687609558,0.230699687215217,-0.9571603410078499,2.897238910139664,2.794904772307978,0.5150408761873592]","[0.37719423030748733,-0.6378831642217682,0.6422111927532251]","[[0.5275670504201451,0.6604035474662989,0.534359580998522],[-0.10416908689423132,0.6745619459455053,-0.7308317059472961],[-0.8431024900014291,0.3298989778343376,0.424670290669419]]",,,,non_finite_or_wrong_shape,7320467
panda,4e626ba28da6a8d45d22f023c3732e2d796c83a0e74df2aa41168fe26f6dccab,tar_fixed,1,near_singular,114,"[-2.1775149823963416,0.06116612336019279,2.483339951395153,-0.5699354934574544,-2.897299707487947,2.067082974400706,-1.7477231242851727]","[0.2093997000375418,0.023992813196638395,1.161449008205382]","[[0.34203163240143825,0.8440123545533905,-0.41310713840122565],[-0.9070865282734593,0.18175357540054604,-0.3796836420678684],[-0.24537398529919738,0.5045877358699475,0.8277577086007893]]",,,,non_finite_or_wrong_shape,7494158
panda,b47f91198895baa3999a406c9c32516cd3e78dd7e42a8bccccc4cd058a03020a,tar_nominal,2,joint_limit_return,71,"[-1.1720518321833302,0.5392894948754942,0.28563523545880043,-0.9452957305367865,2.8936367973077544,2.8116379876409177,0.4894837360642419]","[0.38693943824308696,-0.6300532542719856,0.6459277823269656]","[[0.5306617129559349,0.6476029799554461,0.5468167213568902],[-0.09173420140043374,0.685240687155057,-0.7225164613769637],[-0.8426048793450567,0.33325002778708235,0.42303833902355853]]",,,,non_finite_or_wrong_shape,6216726
panda,827f4c481262ed599d5a62ea92d72f83f9d2baecaa5e733c4c0018e796d573d5,pink_qp,2,high_curvature,105,"[-0.29890812302948927,0.6501893171993048,0.15842787091403504,-0.06980000000000001,0.37630819867383475,1.0383314852110515,0.27493358057509076]","[0.5386324067017476,-0.0890863944736938,0.8244160345204308]","[[0.91949543392027,-0.13962573615186571,0.36746809494679145],[-0.27315610011680863,-0.8991820107761838,0.34184419911046454],[0.28269045256030595,-0.4147003319272225,-0.86493337473513]]","[-0.29677849720720634,0.6322722729599511,0.11482787091403505,-0.06980000000000001,0.4139754548757427,1.03909267198161,0.2798914939718913]",0.001411975557762603,0.014032338823747612,position_tolerance+orientation_tolerance,857741
panda,ca9065ec04392f64d1cce7cea6e6ae7ba224495be6a41fa0902e34ddeb925465,trac_task_5ms,2,near_singular,119,"[2.882448246142799,0.18614359710836942,1.6490771350970235,-0.6711731538897738,0.8765252385706122,0.3412638808472236,0.07866651547324569]","[-0.06234755816855856,-0.2584147739463928,0.9085985723227469]","[[0.5505424179895927,-0.6860724429890204,0.47561291925814],[-0.8345978352700153,-0.4395820439607435,0.3319850598895969],[-0.01869490189268268,-0.5797173704473346,-0.8146031371440027]]","[2.882448246142799,0.18614359710836942,1.6490771350970235,-0.6711731538897738,0.8765252385706122,0.3412638808472236,0.07866651547324569]",0.0019555690069656493,0.008784484282603394,internal_nonconvergence+position_tolerance+orientation_tolerance,5250417
panda,ca9065ec04392f64d1cce7cea6e6ae7ba224495be6a41fa0902e34ddeb925465,tar_nominal,1,near_singular,99,"[2.214805581185696,0.012841733448054024,1.8139099491613813,-0.5538280031114244,1.1856588868610223,0.2407834075060018,-0.10056175520938047]","[-0.05543068790185998,-0.22089743411382476,0.9282108245041313]","[[0.5028886681400038,-0.7376505645673102,0.45052706028595185],[-0.8619361113418139,-0.46691079496016247,0.19763716632916234],[0.06456878054698884,-0.48771503374736924,-0.8706118069699476]]",,,,non_finite_or_wrong_shape,6207823
panda,b47f91198895baa3999a406c9c32516cd3e78dd7e42a8bccccc4cd058a03020a,tar_free,2,joint_limit_return,71,"[-1.1305147205536228,0.5310668365202824,0.21941242097414948,-0.9505571828522428,2.892607933314249,2.8054551363825864,0.53090143318121]","[0.38693943824308696,-0.6300532542719856,0.6459277823269656]","[[0.5306617129559349,0.6476029799554461,0.5468167213568902],[-0.09173420140043374,0.685240687155057,-0.7225164613769637],[-0.8426048793450567,0.33325002778708235,0.42303833902355853]]",,,,non_finite_or_wrong_shape,7076149
panda,ca9065ec04392f64d1cce7cea6e6ae7ba224495be6a41fa0902e34ddeb925465,trac_task_5ms,1,near_singular,118,"[2.8910998001666632,0.19204650057859823,1.660299208959349,-0.6618224723005,0.8554979313070099,0.3431317776754041,0.08289400339231225]","[-0.06191101117000993,-0.2569398691732451,0.9094463974840075]","[[0.5485944334063589,-0.6883113438429131,0.4746278980135061],[-0.8359417731707867,-0.44091363393388183,0.32679736730778625],[-0.01566842377641365,-0.5760405032186382,-0.8172709704547085]]","[2.8910998001666632,0.19204650057859823,1.660299208959349,-0.6618224723005,0.8554979313070099,0.3431317776754041,0.08289400339231225]",0.0022408250079171133,0.010357000473759644,internal_nonconvergence+position_tolerance+orientation_tolerance,5198383
panda,827f4c481262ed599d5a62ea92d72f83f9d2baecaa5e733c4c0018e796d573d5,pink_qp,0,high_curvature,105,"[-0.29890812302948927,0.6501893171993048,0.15842787091403504,-0.06980000000000001,0.37630819867383475,1.0383314852110515,0.27493358057509076]","[0.5386324067017476,-0.0890863944736938,0.8244160345204308]","[[0.91949543392027,-0.13962573615186571,0.36746809494679145],[-0.27315610011680863,-0.8991820107761838,0.34184419911046454],[0.28269045256030595,-0.4147003319272225,-0.86493337473513]]","[-0.29677849720720634,0.6322722729599511,0.11482787091403505,-0.06980000000000001,0.4139754548757427,1.03909267198161,0.2798914939718913]",0.001411975557762603,0.014032338823747612,position_tolerance+orientation_tolerance,1077078
panda,4e626ba28da6a8d45d22f023c3732e2d796c83a0e74df2aa41168fe26f6dccab,tar_free,2,near_singular,113,"[-2.106878579648366,0.05799125652368407,2.4065637248255527,-0.5607257913834742,-2.8951621664798033,2.0705794430046445,-1.7459479722212716]","[0.2101951828709031,0.021021791875536586,1.1614518861885486]","[[0.34178788900162776,0.8454662657569564,-0.4103264948779187],[-0.9067247437488449,0.1818961380037802,-0.3804786906686123],[-0.24704509306076639,0.5020961944152706,0.8287750801926298]]",,,,non_finite_or_wrong_shape,7153399
panda,40c3eae024871d71025c88c09b1bbffc1b50b311548d53112ed8d4118883654a,tar_free,2,near_singular,92,"[-0.9026884715650153,0.7830280576014542,-1.2423985303530016,-0.7352970992474639,1.374489539352137,3.4750216322166896,-2.0192988406494163]","[0.05234452737495622,-0.6007392058245133,0.8543226663117278]","[[0.9713439066181987,-0.04628159629499862,-0.23312878183545468],[-0.1515565902540637,0.6349692518224556,-0.7575253455763662],[0.1830890904075337,0.7711498317995134,0.6097592327216735]]",,,,non_finite_or_wrong_shape,7127955
panda,b47f91198895baa3999a406c9c32516cd3e78dd7e42a8bccccc4cd058a03020a,trac_task_5ms,2,joint_limit_return,75,"[-1.239323640210765,0.549373705791235,0.28079671480019186,-0.9696001677624235,2.897292139299163,2.7705226345968463,0.47311390232265244]","[0.3464174105203118,-0.6609877826659248,0.6305184159581213]","[[0.516235334071317,0.6980864935488592,0.4961615940204704],[-0.14070093977781217,0.6405822349427853,-0.7548891612822021],[-0.8448102304079397,0.3198900558009965,0.4289126097443618]]","[-1.239323640210765,0.549373705791235,0.28079671480019186,-0.9696001677624235,2.897292139299163,2.7705226345968463,0.47311390232265244]",0.013098976524824965,0.02238413037010836,internal_nonconvergence+position_tolerance+orientation_tolerance,5213744
panda,ca9065ec04392f64d1cce7cea6e6ae7ba224495be6a41fa0902e34ddeb925465,pink_qp,2,near_singular,122,"[2.8972999999999995,0.2208501889085296,1.71267687290282,-0.6933050514508895,0.8237396789143764,0.3642165226420566,0.10348506575471131]","[-0.06365257251620854,-0.26256401938349483,0.9061759282087597]","[[0.5560616649394297,-0.6796655486174742,0.47838286633960614],[-0.8306996908455809,-0.4357232051395866,0.3465303913539789],[-0.02708225274687437,-0.5900847655425395,-0.8068869320175911]]","[2.8972999999999995,0.24092726647793833,1.7562768729028198,-0.7068710601948309,0.7938662328714136,0.37838831385312666,0.11901884516860067]",0.0010549523841012337,0.008031829089156796,position_tolerance,781276
panda,b47f91198895baa3999a406c9c32516cd3e78dd7e42a8bccccc4cd058a03020a,tar_nominal,1,joint_limit_return,70,"[-1.1358027440587417,0.5319330524349919,0.25362678964094976,-0.9435428179641677,2.8935387381725093,2.8163731279411675,0.5115990681050384]","[0.396400236698004,-0.6222003221191696,0.6495423728735656]","[[0.5334090415878396,0.6347454779592699,0.5590822592093228],[-0.07922695805984556,0.6955513886843764,-0.714094779994798],[-0.8421388742178605,0.3366102254975236,0.42130235297417984]]",,,,non_finite_or_wrong_shape,6159233
panda,b47f91198895baa3999a406c9c32516cd3e78dd7e42a8bccccc4cd058a03020a,tar_fixed,1,joint_limit_return,75,"[-1.232859544304318,0.5473874587683207,0.2701538628014339,-0.9737769653060382,2.8964456696056047,2.764019336251178,0.4844401617931396]","[0.3464174105203118,-0.6609877826659248,0.6305184159581213]","[[0.516235334071317,0.6980864935488592,0.4961615940204704],[-0.14070093977781217,0.6405822349427853,-0.7548891612822021],[-0.8448102304079397,0.3198900558009965,0.4289126097443618]]",,,,non_finite_or_wrong_shape,7327493
panda,ca9065ec04392f64d1cce7cea6e6ae7ba224495be6a41fa0902e34ddeb925465,pink_qp,1,near_singular,122,"[2.8972999999999995,0.2208501889085296,1.71267687290282,-0.6933050514508895,0.8237396789143764,0.3642165226420566,0.10348506575471131]","[-0.06365257251620854,-0.26256401938349483,0.9061759282087597]","[[0.5560616649394297,-0.6796655486174742,0.47838286633960614],[-0.8306996908455809,-0.4357232051395866,0.3465303913539789],[-0.02708225274687437,-0.5900847655425395,-0.8068869320175911]]","[2.8972999999999995,0.24092726647793833,1.7562768729028198,-0.7068710601948309,0.7938662328714136,0.37838831385312666,0.11901884516860067]",0.0010549523841012337,0.008031829089156796,position_tolerance,788117
panda,4e626ba28da6a8d45d22f023c3732e2d796c83a0e74df2aa41168fe26f6dccab,tar_nominal,2,near_singular,113,"[-2.13084905340148,0.05149232465539459,2.4160212942555983,-0.554266938381083,-2.8796387631445852,2.0713325166539933,-1.7499581870160976]","[0.2101951828709031,0.021021791875536586,1.1614518861885486]","[[0.34178788900162776,0.8454662657569564,-0.4103264948779187],[-0.9067247437488449,0.1818961380037802,-0.3804786906686123],[-0.24704509306076639,0.5020961944152706,0.8287750801926298]]",,,,non_finite_or_wrong_shape,6243537
panda,ea5503530085a4b7fba1457389f090742de31c9aa6ebe8907aa867289b032370,tar_free,1,near_singular,88,"[0.955363141971092,-0.07969378442224195,1.270820523322834,-0.27424231994746184,1.3612523946595843,2.876328784766235,1.9365684730874457]","[-0.07726759269901129,0.07668869761084363,1.1698773132063292]","[[-0.6556085626488005,-0.6131555357539996,-0.44070137457897657],[0.675307884141976,-0.7372338854612545,0.021105917260096793],[-0.3378411967141688,-0.28377189272711234,0.8974056154832164]]",,,,non_finite_or_wrong_shape,8307457
panda,ca9065ec04392f64d1cce7cea6e6ae7ba224495be6a41fa0902e34ddeb925465,trac_task_5ms,0,near_singular,119,"[2.8927510271723045,0.21016824551694097,1.7007116642140263,-0.6730885455524678,0.8261265072381401,0.35648858686386725,0.08880106872931214]","[-0.06234755816855856,-0.2584147739463928,0.9085985723227469]","[[0.5505424179895927,-0.6860724429890204,0.47561291925814],[-0.8345978352700153,-0.4395820439607435,0.3319850598895969],[-0.01869490189268268,-0.5797173704473346,-0.8146031371440027]]","[2.8927510271723045,0.21016824551694097,1.7007116642140263,-0.6730885455524678,0.8261265072381401,0.35648858686386725,0.08880106872931214]",0.002099550258521424,0.011479659175369377,internal_nonconvergence+position_tolerance+orientation_tolerance,5313137
panda,ca9065ec04392f64d1cce7cea6e6ae7ba224495be6a41fa0902e34ddeb925465,tar_free,2,near_singular,107,"[1.971232923205006,-0.08855629033822712,1.8177245691766275,-0.550685348244321,1.4600114676866531,0.15533698554943676,-0.08789955403497914]","[-0.057500729218034556,-0.2378261808111057,0.9198421530056512]","[[0.5239452545502722,-0.7156636344158452,0.46185163484495095],[-0.8513701703639925,-0.456267876807749,0.2588212850747314],[0.025499083290131796,-0.528814889132343,-0.8483540592130805]]",,,,non_finite_or_wrong_shape,7271626
ur5e,bf166cd6db08076d8c85cfd7e7364d2446c3c1ec592ea82609b812c0faa204ea,tar_fixed,2,near_singular,125,"[6.283184735723832,-5.4590118910126115,1.6190457027624563,-4.668018488819767,1.4524447899753918,-5.146232688931481]","[0.006357379198625106,0.1465530850994874,-0.2632573644316416]","[[-0.694770808606833,-0.39269246843327316,-0.6025663023631427],[0.4121198881958775,-0.9039772943907654,0.11393967254371533],[-0.589449506964952,-0.1691675987349069,0.7898934119721728]]",,,,non_finite_or_wrong_shape,9357790
ur5e,bf166cd6db08076d8c85cfd7e7364d2446c3c1ec592ea82609b812c0faa204ea,tar_free,2,near_singular,125,"[6.283157725064031,-5.45916541264725,1.6175327109073638,-4.66729708323496,1.4511552533959369,-5.139611244216889]","[0.006357379198625106,0.1465530850994874,-0.2632573644316416]","[[-0.694770808606833,-0.39269246843327316,-0.6025663023631427],[0.4121198881958775,-0.9039772943907654,0.11393967254371533],[-0.589449506964952,-0.1691675987349069,0.7898934119721728]]",,,,non_finite_or_wrong_shape,7610669
ur5e,f87cbb198e6aa95e16ea15160dd1d4f545d70b0d61622238ff991b3a2d27786a,trac_task_20ms,1,smooth,31,"[3.9135921635223663,-2.0553734351126995,1.0098435451610663,0.5223263600412715,-0.4266733426410935,3.4403830372030018]","[0.15176318819029755,-0.16972938711180202,0.7708480634486129]","[[-0.367701838339846,-0.2700049048366814,0.8898835370123621],[-0.9098309659158194,-0.09349054408575327,-0.40431068700596684],[0.19236156461773962,-0.9583093809050834,-0.21128217844184266]]","[3.9135921635223663,-2.0553734351126995,1.0098435451610663,0.5223263600412715,-0.4266733426410935,3.4403830372030018]",0.00470995871422036,0.0138473297283581,internal_nonconvergence+position_tolerance+orientation_tolerance,20247054
ur5e,f87cbb198e6aa95e16ea15160dd1d4f545d70b0d61622238ff991b3a2d27786a,tar_nominal,1,smooth,31,"[3.9174462587838694,-2.0559262329471575,1.0103674048020617,0.5191628047468363,-0.4252022975780473,3.4490983828340305]","[0.15176318819029755,-0.16972938711180202,0.7708480634486129]","[[-0.367701838339846,-0.2700049048366814,0.8898835370123621],[-0.9098309659158194,-0.09349054408575327,-0.40431068700596684],[0.19236156461773962,-0.9583093809050834,-0.21128217844184266]]",,,,non_finite_or_wrong_shape,6455624
ur5e,bf166cd6db08076d8c85cfd7e7364d2446c3c1ec592ea82609b812c0faa204ea,tar_free,0,near_singular,125,"[6.279039175995183,-5.457054927213017,1.6181281627856092,-4.667657007349836,1.4524239176169729,-5.1432652790864735]","[0.006357379198625106,0.1465530850994874,-0.2632573644316416]","[[-0.694770808606833,-0.39269246843327316,-0.6025663023631427],[0.4121198881958775,-0.9039772943907654,0.11393967254371533],[-0.589449506964952,-0.1691675987349069,0.7898934119721728]]",,,,non_finite_or_wrong_shape,14244844
ur5e,28c799f101b845f2577d1584bde9de07634bcdda61cf814be0670f4c7adce911,trac_task_5ms,1,joint_limit_return,63,"[-2.2647138156013664,0.3230078029766656,3.1284794709416217,-0.6031618596751191,0.3262290395921571,1.3563963059191777]","[0.19404783920462748,-0.12288706915880014,0.23508999578744477]","[[-0.24668627638070267,0.29275235535660205,0.9238192136335903],[-0.4016867013890677,0.8366445530252867,-0.3723891591068246],[-0.8819261165044346,-0.4629491876289231,-0.08879400149293173]]","[-2.2647138156013664,0.3230078029766656,3.1284794709416217,-0.6031618596751191,0.3262290395921571,1.3563963059191777]",0.0016942188769841326,0.010853509058592335,internal_nonconvergence+position_tolerance+orientation_tolerance,10018284
ur5e,6105bc9f0df7e8baadfc8dd255f78c7bb3ddb066573e8f4fde9c385dbe5db694,tar_nominal,1,near_singular,84,"[-2.5868252541493484,2.9228264385181464,-2.30943632438873,-2.788154812520942,-5.246601459107126,3.057999630639364]","[0.1475133690900528,-0.12715199693529466,-0.026907547019514644]","[[-0.14367785407350128,-0.7141830360028604,0.6850542061286615],[0.917271387005385,-0.35592944750542327,-0.17868248649406354],[0.37144296578351144,0.6027079056095259,0.7062388432292066]]",,,,non_finite_or_wrong_shape,6201566
ur5e,17d92c7319719a45d08d673e5023c3f00687e4f5a57bdebde3dccc6370b94c3a,tar_free,2,near_singular,115,"[-3.337195141593493,-4.085731553245882,-2.5002016555393975,-4.746228357523416,-0.11221258820232706,2.549240159630111]","[-0.07335436754317089,-0.22157359399917914,-0.08598086402965231]","[[-0.8048076744942769,0.573773714017924,-0.151882626317798],[0.0616963002268961,-0.17363645413961587,-0.9828753473010369],[-0.5903203991168076,-0.8003962186916544,0.1043442355411853]]",,,,non_finite_or_wrong_shape,7001647
ur5e,5547871d76b6176b3e5dd5d8f20eebc72645f4fdb4a7e415a21928fb85392f9e,pink_qp,1,high_curvature,77,"[2.450420515534097,1.0354765466516107,1.291779128253633,1.4343853766209158,-2.8592467301471394,1.131248096856852]","[-0.04381326850673338,-0.014501902314038195,-0.42076445987733185]","[[0.7330040528339873,-0.5122751977543765,0.4475256197075912],[-0.4676886975406432,0.09818740396926035,0.878422743270297],[-0.49393556332955624,-0.8531901051157894,-0.1676135549734039]]","[2.4651934636929735,1.0334415477980525,1.3182176429577586,1.4769067342140672,-2.874761657804875,1.1941799499286476]",0.0015130008676266034,0.0030930768202050425,position_tolerance,700638
ur5e,f87cbb198e6aa95e16ea15160dd1d4f545d70b0d61622238ff991b3a2d27786a,tar_fixed,2,smooth,24,"[3.4545201193174897,-2.054850856875023,0.9673088722736526,0.8326801395655206,-0.8875404366131525,3.2341419984731345]","[0.12546083276346096,-0.16768220043465007,0.7705024103691941]","[[-0.36168582854047193,-0.21851605485363856,0.9063300145113775],[-0.9281741583334787,-0.006959536338100964,-0.37208103506614965],[0.08761331653881689,-0.9758085358435642,-0.20030378962942463]]",,,,non_finite_or_wrong_shape,7272221
ur5e,bf166cd6db08076d8c85cfd7e7364d2446c3c1ec592ea82609b812c0faa204ea,trac_task_5ms,2,near_singular,125,"[6.283185307179585,-5.458828965583276,1.6188863181833943,-4.66693719240185,1.4513905299340004,-5.145247996665312]","[0.006357379198625106,0.1465530850994874,-0.2632573644316416]","[[-0.694770808606833,-0.39269246843327316,-0.6025663023631427],[0.4121198881958775,-0.9039772943907654,0.11393967254371533],[-0.589449506964952,-0.1691675987349069,0.7898934119721728]]","[6.283185307179585,-5.458828965583276,1.6188863181833943,-4.66693719240185,1.4513905299340004,-5.145247996665312]",0.0018328885248663578,0.007505608597293575,internal_nonconvergence+position_tolerance,5272609
ur5e,f87cbb198e6aa95e16ea15160dd1d4f545d70b0d61622238ff991b3a2d27786a,tar_fixed,0,smooth,31,"[3.91952500140391,-2.0562294937159873,1.0103152993075577,0.5159379323136626,-0.4229535842356265,3.4526610917826828]","[0.15176318819029755,-0.16972938711180202,0.7708480634486129]","[[-0.367701838339846,-0.2700049048366814,0.8898835370123621],[-0.9098309659158194,-0.09349054408575327,-0.40431068700596684],[0.19236156461773962,-0.9583093809050834,-0.21128217844184266]]",,,,non_finite_or_wrong_shape,7224380
ur5e,17d92c7319719a45d08d673e5023c3f00687e4f5a57bdebde3dccc6370b94c3a,tar_free,0,near_singular,117,"[-3.3444751556102514,-4.094855617134865,-2.5098206198148523,-4.752263227133234,-0.11659816647350932,2.559513700038649]","[-0.07621122120670383,-0.22068847194114305,-0.08334226932175189]","[[-0.8147170694263713,0.5593071417037466,-0.15300855539639172],[0.06384251626854649,-0.17574667322880846,-0.9823630896799345],[-0.5763334363906069,-0.8101164287237927,0.10747623928107325]]",,,,non_finite_or_wrong_shape,7024897
ur5e,bf166cd6db08076d8c85cfd7e7364d2446c3c1ec592ea82609b812c0faa204ea,trac_task_20ms,0,near_singular,125,"[6.281009318474806,-5.458422681257697,1.6194411764383392,-4.669005959075768,1.4522323445189969,-5.137356019376455]","[0.006357379198625106,0.1465530850994874,-0.2632573644316416]","[[-0.694770808606833,-0.39269246843327316,-0.6025663023631427],[0.4121198881958775,-0.9039772943907654,0.11393967254371533],[-0.589449506964952,-0.1691675987349069,0.7898934119721728]]","[6.281009318474806,-5.458422681257697,1.6194411764383392,-4.669005959075768,1.4522323445189969,-5.137356019376455]",0.0018981848441870053,0.006130303805608357,internal_nonconvergence+position_tolerance,20341702
ur5e,f87cbb198e6aa95e16ea15160dd1d4f545d70b0d61622238ff991b3a2d27786a,tar_nominal,2,smooth,29,"[3.776510826792005,-2.0448697906922675,0.9831261857818582,0.6597806210764899,-0.554970832559289,3.3334334504763365]","[0.14337666260598186,-0.16937518575265434,0.770989063821953]","[[-0.36940768378779,-0.2568526308488297,0.8930647732301252],[-0.9146502492708001,-0.06928746662597181,-0.39826394323038844],[0.16417333726096767,-0.9639636782548343,-0.20933500026991889]]",,,,non_finite_or_wrong_shape,6070012
ur5e,08551a27ac837f8ed54c41a0759eec98dbd199480066ac542298cbb032f6d99a,tar_fixed,2,joint_limit_return,60,"[0.42894664644005515,-0.2850323578896957,-1.4612621512584019,0.6533844510380226,0.013921431318546207,5.8620787855778955]","[0.2972060344751483,0.3859945382853227,0.6195994679022464]","[[-0.06282148488040296,-0.9132552101327707,-0.40251507077719473],[-0.004215232634779048,-0.4030653082050065,0.9151615098633888],[-0.998015878055683,0.05918849961734011,0.021471577999582138]]",,,,non_finite_or_wrong_shape,7299433
ur5e,28c799f101b845f2577d1584bde9de07634bcdda61cf814be0670f4c7adce911,tar_fixed,0,joint_limit_return,109,"[-2.225474941167759,0.34981168411979585,3.025403177355897,-0.5771179314602168,0.34554817476343996,1.679779632996505]","[0.20863708367618453,-0.09967586798632655,0.1864190662689408]","[[-0.17940152760455572,0.29079887913909447,0.9398143985833575],[-0.16553938133057622,0.932768347858322,-0.3202185542131284],[-0.9697483205047802,-0.21302399190021404,-0.11920139996264992]]",,,,non_finite_or_wrong_shape,7240671
ur5e,5ff81edc43cf92c445ae661655f0f074229d3861bbbd0b57d14ad453615b9e25,pink_qp,0,near_singular,73,"[-4.281495638922811,-3.0379994646060005,2.690243367178409,5.3425256236111185,0.0026527079272355104,-3.455325003732475]","[-0.22896134247095953,-0.05903745519610541,0.3101480360399678]","[[0.01116807877260207,-0.4138607791254421,-0.9102716789608534],[-0.033287147856287704,0.9096700378916924,-0.41399563759745106],[0.9993834298226694,0.03492388385916315,-0.0036169783064166757]]","[-4.286408762368406,-3.0264655899332826,2.681262720679826,5.4000424405474075,-0.0037224200801888934,-3.518960857953669]",0.00019537502331334766,0.0004037931034406353,internal_nonconvergence+velocity_limit,940538
ur5e,bf166cd6db08076d8c85cfd7e7364d2446c3c1ec592ea82609b812c0faa204ea,trac_task_20ms,2,near_singular,125,"[6.283185307179585,-5.458870753009006,1.6177296840211148,-4.666747777371194,1.4522671429241742,-5.1427943913738]","[0.006357379198625106,0.1465530850994874,-0.2632573644316416]","[[-0.694770808606833,-0.39269246843327316,-0.6025663023631427],[0.4121198881958775,-0.9039772943907654,0.11393967254371533],[-0.589449506964952,-0.1691675987349069,0.7898934119721728]]","[6.283185307179585,-5.458870753009006,1.6177296840211148,-4.666747777371194,1.4522671429241742,-5.1427943913738]",0.001899325700638049,0.005683147246151107,internal_nonconvergence+position_tolerance,20262226
ur5e,5547871d76b6176b3e5dd5d8f20eebc72645f4fdb4a7e415a21928fb85392f9e,pink_qp,2,high_curvature,77,"[2.450420515534097,1.0354765466516107,1.291779128253633,1.4343853766209158,-2.8592467301471394,1.131248096856852]","[-0.04381326850673338,-0.014501902314038195,-0.42076445987733185]","[[0.7330040528339873,-0.5122751977543765,0.4475256197075912],[-0.4676886975406432,0.09818740396926035,0.878422743270297],[-0.49393556332955624,-0.8531901051157894,-0.1676135549734039]]","[2.4651934636929735,1.0334415477980525,1.3182176429577586,1.4769067342140672,-2.874761657804875,1.1941799499286476]",0.0015130008676266034,0.0030930768202050425,position_tolerance,677898
ur5e,5547871d76b6176b3e5dd5d8f20eebc72645f4fdb4a7e415a21928fb85392f9e,pink_qp,0,high_curvature,77,"[2.450420515534097,1.0354765466516107,1.291779128253633,1.4343853766209158,-2.8592467301471394,1.131248096856852]","[-0.04381326850673338,-0.014501902314038195,-0.42076445987733185]","[[0.7330040528339873,-0.5122751977543765,0.4475256197075912],[-0.4676886975406432,0.09818740396926035,0.878422743270297],[-0.49393556332955624,-0.8531901051157894,-0.1676135549734039]]","[2.4651934636929735,1.0334415477980525,1.3182176429577586,1.4769067342140672,-2.874761657804875,1.1941799499286476]",0.0015130008676266034,0.0030930768202050425,position_tolerance,676832
ur5e,bf166cd6db08076d8c85cfd7e7364d2446c3c1ec592ea82609b812c0faa204ea,trac_task_5ms,1,near_singular,125,"[6.283185307179585,-5.458882959786681,1.6179231851271878,-4.6673998825872385,1.4526679868429433,-5.141666668496223]","[0.006357379198625106,0.1465530850994874,-0.2632573644316416]","[[-0.694770808606833,-0.39269246843327316,-0.6025663023631427],[0.4121198881958775,-0.9039772943907654,0.11393967254371533],[-0.589449506964952,-0.1691675987349069,0.7898934119721728]]","[6.283185307179585,-5.458882959786681,1.6179231851271878,-4.6673998825872385,1.4526679868429433,-5.141666668496223]",0.0018838565770312081,0.00511469968315294,internal_nonconvergence+position_tolerance,5287290
ur5e,13896bc6c5f688854ad405268705ab3bb2a8fec56ac1e75c8a872707a3f652f8,tar_nominal,2,smooth,76,"[1.9430293888848595,2.2961272940221433,-1.7472301037264966,0.06983765144113577,-2.773086320671084,0.5773080916587295]","[-0.026055109622417486,-0.048470730542686476,-0.42100747033728597]","[[-0.05607211087691784,-0.2156773972016039,0.9748534139644526],[0.9983952868367357,-0.004364304563472366,0.056460641759278736],[-0.007922727055691924,0.9764549212237189,0.21557601261267956]]",,,,non_finite_or_wrong_shape,6075332
ur5e,f87cbb198e6aa95e16ea15160dd1d4f545d70b0d61622238ff991b3a2d27786a,tar_fixed,1,smooth,31,"[3.9093413948190596,-2.0576616655628888,1.0091819867622964,0.5250481415554716,-0.4281449418936849,3.4360691997325006]","[0.15176318819029755,-0.16972938711180202,0.7708480634486129]","[[-0.367701838339846,-0.2700049048366814,0.8898835370123621],[-0.9098309659158194,-0.09349054408575327,-0.40431068700596684],[0.19236156461773962,-0.9583093809050834,-0.21128217844184266]]",,,,non_finite_or_wrong_shape,7217924
ur5e,f87cbb198e6aa95e16ea15160dd1d4f545d70b0d61622238ff991b3a2d27786a,tar_nominal,0,smooth,28,"[3.720357744009484,-2.043918433268106,0.976782979647046,0.6953008528130291,-0.6120543351346129,3.311408121983933]","[0.13943174048146872,-0.16912906915042428,0.7709834347854433]","[[-0.3692713707140248,-0.24973132168653886,0.8951384930499189],[-0.9172176664424343,-0.057013567630916334,-0.39428569016880405],[0.14950052554048265,-0.9666352569996035,-0.2080045018465467]]",,,,non_finite_or_wrong_shape,6063620
ur5e,bf166cd6db08076d8c85cfd7e7364d2446c3c1ec592ea82609b812c0faa204ea,tar_fixed,0,near_singular,125,"[6.28255455424957,-5.4582075877731056,1.6188104743351888,-4.665869044578216,1.4517823044216838,-5.141867705367767]","[0.006357379198625106,0.1465530850994874,-0.2632573644316416]","[[-0.694770808606833,-0.39269246843327316,-0.6025663023631427],[0.4121198881958775,-0.9039772943907654,0.11393967254371533],[-0.589449506964952,-0.1691675987349069,0.7898934119721728]]",,,,non_finite_or_wrong_shape,7202411
ur5e,17d92c7319719a45d08d673e5023c3f00687e4f5a57bdebde3dccc6370b94c3a,tar_free,1,near_singular,115,"[-3.3361673390382887,-4.085655310899632,-2.4943350316580277,-4.72913152674734,-0.11184376836990854,2.528422128639933]","[-0.07335436754317089,-0.22157359399917914,-0.08598086402965231]","[[-0.8048076744942769,0.573773714017924,-0.151882626317798],[0.0616963002268961,-0.17363645413961587,-0.9828753473010369],[-0.5903203991168076,-0.8003962186916544,0.1043442355411853]]",,,,non_finite_or_wrong_shape,7029630
ur5e,5ff81edc43cf92c445ae661655f0f074229d3861bbbd0b57d14ad453615b9e25,pink_qp,2,near_singular,73,"[-4.281495638922811,-3.0379994646060005,2.690243367178409,5.3425256236111185,0.0026527079272355104,-3.455325003732475]","[-0.22896134247095953,-0.05903745519610541,0.3101480360399678]","[[0.01116807877260207,-0.4138607791254421,-0.9102716789608534],[-0.033287147856287704,0.9096700378916924,-0.41399563759745106],[0.9993834298226694,0.03492388385916315,-0.0036169783064166757]]","[-4.286408762368406,-3.0264655899332826,2.681262720679826,5.4000424405474075,-0.0037224200801888934,-3.518960857953669]",0.00019537502331334766,0.0004037931034406353,internal_nonconvergence+velocity_limit,957624
ur5e,bf166cd6db08076d8c85cfd7e7364d2446c3c1ec592ea82609b812c0faa204ea,trac_task_5ms,0,near_singular,125,"[6.283185307179585,-5.458953901323894,1.619691483916156,-4.668248835926292,1.4513527295939674,-5.1459475539261295]","[0.006357379198625106,0.1465530850994874,-0.2632573644316416]","[[-0.694770808606833,-0.39269246843327316,-0.6025663023631427],[0.4121198881958775,-0.9039772943907654,0.11393967254371533],[-0.589449506964952,-0.1691675987349069,0.7898934119721728]]","[6.283185307179585,-5.458953901323894,1.619691483916156,-4.668248835926292,1.4513527295939674,-5.1459475539261295]",0.0018430431019931792,0.008208298566742262,internal_nonconvergence+position_tolerance,5275147
ur5e,bf166cd6db08076d8c85cfd7e7364d2446c3c1ec592ea82609b812c0faa204ea,trac_task_20ms,1,near_singular,125,"[6.283185307179585,-5.458463180997399,1.6189813711267604,-4.667276945429839,1.4511402457882823,-5.145320390492848]","[0.006357379198625106,0.1465530850994874,-0.2632573644316416]","[[-0.694770808606833,-0.39269246843327316,-0.6025663023631427],[0.4121198881958775,-0.9039772943907654,0.11393967254371533],[-0.589449506964952,-0.1691675987349069,0.7898934119721728]]","[6.283185307179585,-5.458463180997399,1.6189813711267604,-4.667276945429839,1.4511402457882823,-5.145320390492848]",0.0017233819181467285,0.007703744546912904,internal_nonconvergence+position_tolerance,20310648
ur5e,5547871d76b6176b3e5dd5d8f20eebc72645f4fdb4a7e415a21928fb85392f9e,tar_nominal,1,high_curvature,76,"[2.3944344354685003,1.0450711857695048,1.2487116909608886,1.3304230837492574,-2.8064078978577074,0.9951407949956383]","[-0.04627198591536185,-0.011718107333322028,-0.42329878514068847]","[[0.7357781078050689,-0.5155053958793134,0.4391864784964408],[-0.4578176908463514,0.09925030990788489,0.8834887310720513],[-0.4990326021643345,-0.8511190062514766,-0.16298128473721135]]",,,,non_finite_or_wrong_shape,6155312
ur5e,a4d21e54d799674aa3de252efe1304776a18586a5f8d95b6f975dad09cacd372,tar_fixed,1,joint_limit_return,98,"[0.6192572986093398,0.9964124587727555,1.477703545504347,1.1124041014744799,6.206604864015428,0.2629812085815149]","[-0.16185263265465097,0.17072450436450273,-0.35268496444548414]","[[0.6608520169955614,-0.5368668908335203,-0.5244507156632042],[0.374480502005525,-0.3697105239491879,0.8503402155013644],[-0.6504144565202931,-0.7583456138252308,-0.04327776266682453]]",,,,non_finite_or_wrong_shape,7295215
ur5e,5ff81edc43cf92c445ae661655f0f074229d3861bbbd0b57d14ad453615b9e25,pink_qp,1,near_singular,73,"[-4.281495638922811,-3.0379994646060005,2.690243367178409,5.3425256236111185,0.0026527079272355104,-3.455325003732475]","[-0.22896134247095953,-0.05903745519610541,0.3101480360399678]","[[0.01116807877260207,-0.4138607791254421,-0.9102716789608534],[-0.033287147856287704,0.9096700378916924,-0.41399563759745106],[0.9993834298226694,0.03492388385916315,-0.0036169783064166757]]","[-4.286408762368406,-3.0264655899332826,2.681262720679826,5.4000424405474075,-0.0037224200801888934,-3.518960857953669]",0.00019537502331334766,0.0004037931034406353,internal_nonconvergence+velocity_limit,970891
ur5e,13896bc6c5f688854ad405268705ab3bb2a8fec56ac1e75c8a872707a3f652f8,tar_fixed,2,smooth,75,"[1.997809290942802,2.3007642997203877,-1.7657810903151108,0.010094401615661587,-2.747295475353168,0.49977769863518684]","[-0.02583247450494254,-0.04693587142125961,-0.4200343160993882]","[[-0.06971292314411838,-0.2049765244437724,0.9762810726290119],[0.9975113496084972,-0.003977530834845109,0.07039379696175238],[-0.010545887773763274,0.9787588077128143,0.20474369483735944]]",,,,non_finite_or_wrong_shape,7263523
ur5e,bf166cd6db08076d8c85cfd7e7364d2446c3c1ec592ea82609b812c0faa204ea,tar_free,1,near_singular,125,"[6.2728858824141165,-5.45466500519965,1.6171671032877803,-4.670125445028284,1.453450043624173,-5.134108190238788]","[0.006357379198625106,0.1465530850994874,-0.2632573644316416]","[[-0.694770808606833,-0.39269246843327316,-0.6025663023631427],[0.4121198881958775,-0.9039772943907654,0.11393967254371533],[-0.589449506964952,-0.1691675987349069,0.7898934119721728]]",,,,non_finite_or_wrong_shape,7086233
